Species	TE_class	TE_order	TE_superfamily	TE_clade	TE_lineage	Structural_category	Count
R_alba	Class_I	LTR	Copia	NA	Ale	TR-GAG-like	92
R_alba	Class_I	LTR	Copia	NA	Ale	complete	57
R_alba	Class_I	LTR	Copia	NA	Ale	degenerate	43
R_alba	Class_I	LTR	Copia	NA	Ale	isolated_fragment	62
R_alba	Class_I	LTR	Copia	NA	Alesia	TR-GAG-like	19
R_alba	Class_I	LTR	Copia	NA	Alesia	complete	12
R_alba	Class_I	LTR	Copia	NA	Alesia	degenerate	6
R_alba	Class_I	LTR	Copia	NA	Alesia	isolated_fragment	1
R_alba	Class_I	LTR	Copia	NA	Angela	TR-GAG-like	5
R_alba	Class_I	LTR	Copia	NA	Angela	complete	3
R_alba	Class_I	LTR	Copia	NA	Angela	degenerate	15
R_alba	Class_I	LTR	Copia	NA	Angela	isolated_fragment	28
R_alba	Class_I	LTR	Copia	NA	Bianca	TR-GAG-like	1
R_alba	Class_I	LTR	Copia	NA	Bianca	complete	4
R_alba	Class_I	LTR	Copia	NA	Bianca	degenerate	5
R_alba	Class_I	LTR	Copia	NA	Ikeros	TR-GAG-like	7
R_alba	Class_I	LTR	Copia	NA	Ikeros	complete	25
R_alba	Class_I	LTR	Copia	NA	Ikeros	degenerate	19
R_alba	Class_I	LTR	Copia	NA	Ikeros	isolated_fragment	11
R_alba	Class_I	LTR	Copia	NA	Ivana	TR-GAG-like	2
R_alba	Class_I	LTR	Copia	NA	Ivana	complete	28
R_alba	Class_I	LTR	Copia	NA	Ivana	degenerate	11
R_alba	Class_I	LTR	Copia	NA	Ivana	isolated_fragment	5
R_alba	Class_I	LTR	Copia	NA	SIRE	degenerate	31
R_alba	Class_I	LTR	Copia	NA	SIRE	isolated_fragment	9
R_alba	Class_I	LTR	Copia	NA	Tork	complete	1
R_alba	Class_I	LTR	Copia	NA	Tork	degenerate	2
R_alba	Class_I	LTR	Gypsy	chromovirus	CRM	TR-GAG-like	1
R_alba	Class_I	LTR	Gypsy	chromovirus	CRM	complete	3
R_alba	Class_I	LTR	Gypsy	chromovirus	CRM	degenerate	3
R_alba	Class_I	LTR	Gypsy	chromovirus	CRM	isolated_fragment	2
R_alba	Class_I	LTR	Gypsy	chromovirus	Galadriel	complete	3
R_alba	Class_I	LTR	Gypsy	chromovirus	Galadriel	degenerate	2
R_alba	Class_I	LTR	Gypsy	chromovirus	Reina	TR-GAG-like	4
R_alba	Class_I	LTR	Gypsy	chromovirus	Reina	degenerate	1
R_alba	Class_I	LTR	Gypsy	chromovirus	Reina	isolated_fragment	11
R_alba	Class_I	LTR	Gypsy	chromovirus	Tekay	TR-GAG-like	4
R_alba	Class_I	LTR	Gypsy	chromovirus	Tekay	degenerate	3
R_alba	Class_I	LTR	Gypsy	chromovirus	Tekay	isolated_fragment	15
R_alba	Class_I	LTR	Gypsy	non/chromovirus|OTA	Athila	TR-GAG-like	1
R_alba	Class_I	LTR	Gypsy	non/chromovirus|OTA	Athila	degenerate	4
R_alba	Class_I	LTR	Gypsy	non/chromovirus|OTA	Athila	isolated_fragment	13
R_alba	Class_I	LTR	Gypsy	non/chromovirus|OTA|Tat	Ogre	TR-GAG-like	51
R_alba	Class_I	LTR	Gypsy	non/chromovirus|OTA|Tat	Ogre	isolated_fragment	29
R_barbata	Class_I	LTR	Copia	NA	Ale	TR-GAG-like	400
R_barbata	Class_I	LTR	Copia	NA	Ale	complete	159
R_barbata	Class_I	LTR	Copia	NA	Ale	degenerate	300
R_barbata	Class_I	LTR	Copia	NA	Ale	isolated_fragment	189
R_barbata	Class_I	LTR	Copia	NA	Alesia	TR-GAG-like	70
R_barbata	Class_I	LTR	Copia	NA	Alesia	complete	7
R_barbata	Class_I	LTR	Copia	NA	Alesia	degenerate	6
R_barbata	Class_I	LTR	Copia	NA	Alesia	isolated_fragment	3
R_barbata	Class_I	LTR	Copia	NA	Angela	TR-GAG-like	81
R_barbata	Class_I	LTR	Copia	NA	Angela	complete	22
R_barbata	Class_I	LTR	Copia	NA	Angela	degenerate	402
R_barbata	Class_I	LTR	Copia	NA	Angela	isolated_fragment	322
R_barbata	Class_I	LTR	Copia	NA	Bianca	TR-GAG-like	8
R_barbata	Class_I	LTR	Copia	NA	Bianca	complete	13
R_barbata	Class_I	LTR	Copia	NA	Bianca	degenerate	11
R_barbata	Class_I	LTR	Copia	NA	Bianca	isolated_fragment	8
R_barbata	Class_I	LTR	Copia	NA	Ikeros	TR-GAG-like	172
R_barbata	Class_I	LTR	Copia	NA	Ikeros	complete	165
R_barbata	Class_I	LTR	Copia	NA	Ikeros	degenerate	363
R_barbata	Class_I	LTR	Copia	NA	Ikeros	isolated_fragment	322
R_barbata	Class_I	LTR	Copia	NA	Ivana	TR-GAG-like	137
R_barbata	Class_I	LTR	Copia	NA	Ivana	complete	200
R_barbata	Class_I	LTR	Copia	NA	Ivana	degenerate	161
R_barbata	Class_I	LTR	Copia	NA	Ivana	isolated_fragment	155
R_barbata	Class_I	LTR	Copia	NA	SIRE	TR-GAG-like	2
R_barbata	Class_I	LTR	Copia	NA	SIRE	degenerate	268
R_barbata	Class_I	LTR	Copia	NA	SIRE	isolated_fragment	77
R_barbata	Class_I	LTR	Copia	NA	Tork	TR-GAG-like	67
R_barbata	Class_I	LTR	Copia	NA	Tork	complete	140
R_barbata	Class_I	LTR	Copia	NA	Tork	degenerate	175
R_barbata	Class_I	LTR	Copia	NA	Tork	isolated_fragment	97
R_barbata	Class_I	LTR	Gypsy	chromovirus	CRM	TR-GAG-like	73
R_barbata	Class_I	LTR	Gypsy	chromovirus	CRM	complete	183
R_barbata	Class_I	LTR	Gypsy	chromovirus	CRM	degenerate	131
R_barbata	Class_I	LTR	Gypsy	chromovirus	CRM	isolated_fragment	86
R_barbata	Class_I	LTR	Gypsy	chromovirus	Reina	TR-GAG-like	101
R_barbata	Class_I	LTR	Gypsy	chromovirus	Reina	complete	13
R_barbata	Class_I	LTR	Gypsy	chromovirus	Reina	degenerate	3
R_barbata	Class_I	LTR	Gypsy	chromovirus	Reina	isolated_fragment	133
R_barbata	Class_I	LTR	Gypsy	chromovirus	Tekay	TR-GAG-like	271
R_barbata	Class_I	LTR	Gypsy	chromovirus	Tekay	complete	81
R_barbata	Class_I	LTR	Gypsy	chromovirus	Tekay	degenerate	615
R_barbata	Class_I	LTR	Gypsy	chromovirus	Tekay	isolated_fragment	1223
R_barbata	Class_I	LTR	Gypsy	non-chromovirus|OTA	Athila	TR-GAG-like	520
R_barbata	Class_I	LTR	Gypsy	non-chromovirus|OTA	Athila	complete	3
R_barbata	Class_I	LTR	Gypsy	non-chromovirus|OTA	Athila	degenerate	112
R_barbata	Class_I	LTR	Gypsy	non-chromovirus|OTA	Athila	isolated_fragment	500
R_barbata	Class_I	LTR	Gypsy	non-chromovirus|OTA|Tat	Ogre	TR-GAG-like	576
R_barbata	Class_I	LTR	Gypsy	non-chromovirus|OTA|Tat	Ogre	isolated_fragment	497
R_barbata	Class_I	LTR	Gypsy	non-chromovirus|OTA|Tat	Retand	TR-GAG-like	519
R_barbata	Class_I	LTR	Gypsy	non-chromovirus|OTA|Tat	Retand	degenerate	2
R_barbata	Class_I	LTR	Gypsy	non-chromovirus|OTA|Tat	Retand	isolated_fragment	99
R_breviuscula	Class_I	LTR	Copia	NA	Ale	TR-GAG-like	98
R_breviuscula	Class_I	LTR	Copia	NA	Ale	complete	244
R_breviuscula	Class_I	LTR	Copia	NA	Ale	degenerate	301
R_breviuscula	Class_I	LTR	Copia	NA	Ale	isolated_fragment	193
R_breviuscula	Class_I	LTR	Copia	NA	Alesia	TR-GAG-like	14
R_breviuscula	Class_I	LTR	Copia	NA	Alesia	complete	18
R_breviuscula	Class_I	LTR	Copia	NA	Alesia	degenerate	9
R_breviuscula	Class_I	LTR	Copia	NA	Alesia	isolated_fragment	3
R_breviuscula	Class_I	LTR	Copia	NA	Angela	TR-GAG-like	40
R_breviuscula	Class_I	LTR	Copia	NA	Angela	complete	1
R_breviuscula	Class_I	LTR	Copia	NA	Angela	degenerate	100
R_breviuscula	Class_I	LTR	Copia	NA	Angela	isolated_fragment	191
R_breviuscula	Class_I	LTR	Copia	NA	Bianca	TR-GAG-like	3
R_breviuscula	Class_I	LTR	Copia	NA	Bianca	complete	11
R_breviuscula	Class_I	LTR	Copia	NA	Bianca	degenerate	163
R_breviuscula	Class_I	LTR	Copia	NA	Bianca	isolated_fragment	67
R_breviuscula	Class_I	LTR	Copia	NA	Ikeros	TR-GAG-like	55
R_breviuscula	Class_I	LTR	Copia	NA	Ikeros	complete	197
R_breviuscula	Class_I	LTR	Copia	NA	Ikeros	degenerate	117
R_breviuscula	Class_I	LTR	Copia	NA	Ikeros	isolated_fragment	131
R_breviuscula	Class_I	LTR	Copia	NA	Ivana	TR-GAG-like	52
R_breviuscula	Class_I	LTR	Copia	NA	Ivana	complete	30
R_breviuscula	Class_I	LTR	Copia	NA	Ivana	degenerate	33
R_breviuscula	Class_I	LTR	Copia	NA	Ivana	isolated_fragment	30
R_breviuscula	Class_I	LTR	Copia	NA	SIRE	TR-GAG-like	1
R_breviuscula	Class_I	LTR	Copia	NA	SIRE	degenerate	206
R_breviuscula	Class_I	LTR	Copia	NA	SIRE	isolated_fragment	28
R_breviuscula	Class_I	LTR	Copia	NA	TAR	TR-GAG-like	2
R_breviuscula	Class_I	LTR	Copia	NA	TAR	degenerate	3
R_breviuscula	Class_I	LTR	Copia	NA	TAR	isolated_fragment	1
R_breviuscula	Class_I	LTR	Copia	NA	Tork	TR-GAG-like	14
R_breviuscula	Class_I	LTR	Copia	NA	Tork	complete	14
R_breviuscula	Class_I	LTR	Copia	NA	Tork	degenerate	33
R_breviuscula	Class_I	LTR	Copia	NA	Tork	isolated_fragment	9
R_breviuscula	Class_I	LTR	Gypsy	chromovirus	CRM	TR-GAG-like	4
R_breviuscula	Class_I	LTR	Gypsy	chromovirus	CRM	complete	42
R_breviuscula	Class_I	LTR	Gypsy	chromovirus	CRM	degenerate	21
R_breviuscula	Class_I	LTR	Gypsy	chromovirus	CRM	isolated_fragment	15
R_breviuscula	Class_I	LTR	Gypsy	chromovirus	Reina	TR-GAG-like	18
R_breviuscula	Class_I	LTR	Gypsy	chromovirus	Reina	complete	3
R_breviuscula	Class_I	LTR	Gypsy	chromovirus	Reina	degenerate	2
R_breviuscula	Class_I	LTR	Gypsy	chromovirus	Reina	isolated_fragment	18
R_breviuscula	Class_I	LTR	Gypsy	chromovirus	Tekay	TR-GAG-like	18
R_breviuscula	Class_I	LTR	Gypsy	chromovirus	Tekay	complete	3
R_breviuscula	Class_I	LTR	Gypsy	chromovirus	Tekay	degenerate	34
R_breviuscula	Class_I	LTR	Gypsy	chromovirus	Tekay	isolated_fragment	72
R_breviuscula	Class_I	LTR	Gypsy	non-chromovirus|OTA	Athila	TR-GAG-like	162
R_breviuscula	Class_I	LTR	Gypsy	non-chromovirus|OTA	Athila	complete	6
R_breviuscula	Class_I	LTR	Gypsy	non-chromovirus|OTA	Athila	degenerate	476
R_breviuscula	Class_I	LTR	Gypsy	non-chromovirus|OTA	Athila	isolated_fragment	113
R_breviuscula	Class_I	LTR	Gypsy	non-chromovirus|OTA|Tat	Ogre	TR-GAG-like	149
R_breviuscula	Class_I	LTR	Gypsy	non-chromovirus|OTA|Tat	Ogre	degenerate	17
R_breviuscula	Class_I	LTR	Gypsy	non-chromovirus|OTA|Tat	Ogre	isolated_fragment	97
R_breviuscula	Class_I	LTR	Gypsy	non-chromovirus|OTA|Tat	Retand	TR-GAG-like	36
R_breviuscula	Class_I	LTR	Gypsy	non-chromovirus|OTA|Tat	Retand	degenerate	3
R_breviuscula	Class_I	LTR	Gypsy	non-chromovirus|OTA|Tat	Retand	isolated_fragment	31
R_cephalotes	Class_I	LTR	Copia	NA	Ale	TR-GAG-like	53
R_cephalotes	Class_I	LTR	Copia	NA	Ale	complete	114
R_cephalotes	Class_I	LTR	Copia	NA	Ale	degenerate	119
R_cephalotes	Class_I	LTR	Copia	NA	Ale	isolated_fragment	123
R_cephalotes	Class_I	LTR	Copia	NA	Angela	TR-GAG-like	4
R_cephalotes	Class_I	LTR	Copia	NA	Angela	complete	19
R_cephalotes	Class_I	LTR	Copia	NA	Angela	degenerate	16
R_cephalotes	Class_I	LTR	Copia	NA	Angela	isolated_fragment	15
R_cephalotes	Class_I	LTR	Copia	NA	Bianca	TR-GAG-like	1
R_cephalotes	Class_I	LTR	Copia	NA	Bianca	complete	12
R_cephalotes	Class_I	LTR	Copia	NA	Bianca	degenerate	8
R_cephalotes	Class_I	LTR	Copia	NA	Bianca	isolated_fragment	4
R_cephalotes	Class_I	LTR	Copia	NA	Ikeros	TR-GAG-like	47
R_cephalotes	Class_I	LTR	Copia	NA	Ikeros	complete	36
R_cephalotes	Class_I	LTR	Copia	NA	Ikeros	degenerate	25
R_cephalotes	Class_I	LTR	Copia	NA	Ikeros	isolated_fragment	54
R_cephalotes	Class_I	LTR	Copia	NA	Ivana	TR-GAG-like	32
R_cephalotes	Class_I	LTR	Copia	NA	Ivana	complete	31
R_cephalotes	Class_I	LTR	Copia	NA	Ivana	degenerate	11
R_cephalotes	Class_I	LTR	Copia	NA	Ivana	isolated_fragment	16
R_cephalotes	Class_I	LTR	Copia	NA	Tork	TR-GAG-like	15
R_cephalotes	Class_I	LTR	Copia	NA	Tork	complete	16
R_cephalotes	Class_I	LTR	Copia	NA	Tork	degenerate	25
R_cephalotes	Class_I	LTR	Copia	NA	Tork	isolated_fragment	3
R_cephalotes	Class_I	LTR	Gypsy	chromovirus	CRM	TR-GAG-like	1
R_cephalotes	Class_I	LTR	Gypsy	chromovirus	CRM	complete	10
R_cephalotes	Class_I	LTR	Gypsy	chromovirus	CRM	degenerate	4
R_cephalotes	Class_I	LTR	Gypsy	chromovirus	CRM	isolated_fragment	2
R_cephalotes	Class_I	LTR	Gypsy	chromovirus	Reina	TR-GAG-like	64
R_cephalotes	Class_I	LTR	Gypsy	chromovirus	Reina	complete	5
R_cephalotes	Class_I	LTR	Gypsy	chromovirus	Reina	degenerate	1
R_cephalotes	Class_I	LTR	Gypsy	chromovirus	Reina	isolated_fragment	53
R_cephalotes	Class_I	LTR	Gypsy	chromovirus	Tekay	TR-GAG-like	3
R_cephalotes	Class_I	LTR	Gypsy	chromovirus	Tekay	complete	1
R_cephalotes	Class_I	LTR	Gypsy	chromovirus	Tekay	degenerate	26
R_cephalotes	Class_I	LTR	Gypsy	chromovirus	Tekay	isolated_fragment	23
R_cephalotes	Class_I	LTR	Gypsy	non-chromovirus|OTA	Athila	TR-GAG-like	11
R_cephalotes	Class_I	LTR	Gypsy	non-chromovirus|OTA	Athila	complete	1
R_cephalotes	Class_I	LTR	Gypsy	non-chromovirus|OTA	Athila	degenerate	127
R_cephalotes	Class_I	LTR	Gypsy	non-chromovirus|OTA	Athila	isolated_fragment	13
R_cephalotes	Class_I	LTR	Gypsy	non-chromovirus|OTA|Tat	Ogre	TR-GAG-like	36
R_cephalotes	Class_I	LTR	Gypsy	non-chromovirus|OTA|Tat	Ogre	degenerate	37
R_cephalotes	Class_I	LTR	Gypsy	non-chromovirus|OTA|Tat	Ogre	isolated_fragment	1
R_colorata	Class_I	LTR	Copia	NA	Ale	TR-GAG-like	210
R_colorata	Class_I	LTR	Copia	NA	Ale	complete	214
R_colorata	Class_I	LTR	Copia	NA	Ale	degenerate	278
R_colorata	Class_I	LTR	Copia	NA	Ale	isolated_fragment	305
R_colorata	Class_I	LTR	Copia	NA	Alesia	TR-GAG-like	58
R_colorata	Class_I	LTR	Copia	NA	Alesia	complete	20
R_colorata	Class_I	LTR	Copia	NA	Alesia	degenerate	17
R_colorata	Class_I	LTR	Copia	NA	Alesia	isolated_fragment	25
R_colorata	Class_I	LTR	Copia	NA	Angela	TR-GAG-like	96
R_colorata	Class_I	LTR	Copia	NA	Angela	complete	12
R_colorata	Class_I	LTR	Copia	NA	Angela	degenerate	156
R_colorata	Class_I	LTR	Copia	NA	Angela	isolated_fragment	1452
R_colorata	Class_I	LTR	Copia	NA	Bianca	TR-GAG-like	6
R_colorata	Class_I	LTR	Copia	NA	Bianca	complete	6
R_colorata	Class_I	LTR	Copia	NA	Bianca	degenerate	320
R_colorata	Class_I	LTR	Copia	NA	Bianca	isolated_fragment	135
R_colorata	Class_I	LTR	Copia	NA	Ikeros	TR-GAG-like	105
R_colorata	Class_I	LTR	Copia	NA	Ikeros	complete	102
R_colorata	Class_I	LTR	Copia	NA	Ikeros	degenerate	132
R_colorata	Class_I	LTR	Copia	NA	Ikeros	isolated_fragment	357
R_colorata	Class_I	LTR	Copia	NA	Ivana	TR-GAG-like	124
R_colorata	Class_I	LTR	Copia	NA	Ivana	complete	53
R_colorata	Class_I	LTR	Copia	NA	Ivana	degenerate	41
R_colorata	Class_I	LTR	Copia	NA	Ivana	isolated_fragment	41
R_colorata	Class_I	LTR	Copia	NA	SIRE	degenerate	45
R_colorata	Class_I	LTR	Copia	NA	SIRE	isolated_fragment	16
R_colorata	Class_I	LTR	Copia	NA	TAR	TR-GAG-like	3
R_colorata	Class_I	LTR	Copia	NA	TAR	degenerate	5
R_colorata	Class_I	LTR	Copia	NA	TAR	isolated_fragment	4
R_colorata	Class_I	LTR	Copia	NA	Tork	TR-GAG-like	28
R_colorata	Class_I	LTR	Copia	NA	Tork	complete	52
R_colorata	Class_I	LTR	Copia	NA	Tork	degenerate	81
R_colorata	Class_I	LTR	Copia	NA	Tork	isolated_fragment	43
R_colorata	Class_I	LTR	Gypsy	chromovirus	CRM	TR-GAG-like	6
R_colorata	Class_I	LTR	Gypsy	chromovirus	CRM	degenerate	83
R_colorata	Class_I	LTR	Gypsy	chromovirus	CRM	isolated_fragment	22
R_colorata	Class_I	LTR	Gypsy	chromovirus	Reina	TR-GAG-like	50
R_colorata	Class_I	LTR	Gypsy	chromovirus	Reina	complete	14
R_colorata	Class_I	LTR	Gypsy	chromovirus	Reina	degenerate	5
R_colorata	Class_I	LTR	Gypsy	chromovirus	Reina	isolated_fragment	57
R_colorata	Class_I	LTR	Gypsy	chromovirus	Tekay	TR-GAG-like	20
R_colorata	Class_I	LTR	Gypsy	chromovirus	Tekay	complete	4
R_colorata	Class_I	LTR	Gypsy	chromovirus	Tekay	degenerate	71
R_colorata	Class_I	LTR	Gypsy	chromovirus	Tekay	isolated_fragment	208
R_colorata	Class_I	LTR	Gypsy	non-chromovirus|OTA	Athila	TR-GAG-like	129
R_colorata	Class_I	LTR	Gypsy	non-chromovirus|OTA	Athila	complete	6
R_colorata	Class_I	LTR	Gypsy	non-chromovirus|OTA	Athila	degenerate	260
R_colorata	Class_I	LTR	Gypsy	non-chromovirus|OTA	Athila	isolated_fragment	150
R_colorata	Class_I	LTR	Gypsy	non-chromovirus|OTA|Tat	Ogre	TR-GAG-like	95
R_colorata	Class_I	LTR	Gypsy	non-chromovirus|OTA|Tat	Ogre	isolated_fragment	170
R_colorata	Class_I	LTR	Gypsy	non-chromovirus|OTA|Tat	Retand	TR-GAG-like	37
R_colorata	Class_I	LTR	Gypsy	non-chromovirus|OTA|Tat	Retand	complete	2
R_colorata	Class_I	LTR	Gypsy	non-chromovirus|OTA|Tat	Retand	degenerate	2
R_colorata	Class_I	LTR	Gypsy	non-chromovirus|OTA|Tat	Retand	isolated_fragment	38
R_corymbosa	Class_I	LTR	Copia	NA	Ale	TR-GAG-like	180
R_corymbosa	Class_I	LTR	Copia	NA	Ale	complete	51
R_corymbosa	Class_I	LTR	Copia	NA	Ale	degenerate	44
R_corymbosa	Class_I	LTR	Copia	NA	Ale	isolated_fragment	94
R_corymbosa	Class_I	LTR	Copia	NA	Alesia	TR-GAG-like	4
R_corymbosa	Class_I	LTR	Copia	NA	Alesia	complete	4
R_corymbosa	Class_I	LTR	Copia	NA	Alesia	degenerate	5
R_corymbosa	Class_I	LTR	Copia	NA	Alesia	isolated_fragment	3
R_corymbosa	Class_I	LTR	Copia	NA	Angela	TR-GAG-like	30
R_corymbosa	Class_I	LTR	Copia	NA	Angela	complete	1
R_corymbosa	Class_I	LTR	Copia	NA	Angela	degenerate	81
R_corymbosa	Class_I	LTR	Copia	NA	Angela	isolated_fragment	79
R_corymbosa	Class_I	LTR	Copia	NA	Bianca	TR-GAG-like	9
R_corymbosa	Class_I	LTR	Copia	NA	Bianca	complete	19
R_corymbosa	Class_I	LTR	Copia	NA	Bianca	degenerate	16
R_corymbosa	Class_I	LTR	Copia	NA	Bianca	isolated_fragment	6
R_corymbosa	Class_I	LTR	Copia	NA	Ikeros	TR-GAG-like	64
R_corymbosa	Class_I	LTR	Copia	NA	Ikeros	complete	122
R_corymbosa	Class_I	LTR	Copia	NA	Ikeros	degenerate	126
R_corymbosa	Class_I	LTR	Copia	NA	Ikeros	isolated_fragment	147
R_corymbosa	Class_I	LTR	Copia	NA	Ivana	TR-GAG-like	24
R_corymbosa	Class_I	LTR	Copia	NA	Ivana	complete	41
R_corymbosa	Class_I	LTR	Copia	NA	Ivana	degenerate	28
R_corymbosa	Class_I	LTR	Copia	NA	Ivana	isolated_fragment	48
R_corymbosa	Class_I	LTR	Copia	NA	SIRE	TR-GAG-like	1
R_corymbosa	Class_I	LTR	Copia	NA	SIRE	degenerate	69
R_corymbosa	Class_I	LTR	Copia	NA	SIRE	isolated_fragment	12
R_corymbosa	Class_I	LTR	Copia	NA	Tork	TR-GAG-like	6
R_corymbosa	Class_I	LTR	Copia	NA	Tork	complete	4
R_corymbosa	Class_I	LTR	Copia	NA	Tork	degenerate	14
R_corymbosa	Class_I	LTR	Copia	NA	Tork	isolated_fragment	10
R_corymbosa	Class_I	LTR	Gypsy	chromovirus	CRM	TR-GAG-like	1
R_corymbosa	Class_I	LTR	Gypsy	chromovirus	CRM	complete	9
R_corymbosa	Class_I	LTR	Gypsy	chromovirus	CRM	degenerate	9
R_corymbosa	Class_I	LTR	Gypsy	chromovirus	Reina	TR-GAG-like	11
R_corymbosa	Class_I	LTR	Gypsy	chromovirus	Reina	complete	1
R_corymbosa	Class_I	LTR	Gypsy	chromovirus	Reina	isolated_fragment	7
R_corymbosa	Class_I	LTR	Gypsy	chromovirus	Tekay	TR-GAG-like	32
R_corymbosa	Class_I	LTR	Gypsy	chromovirus	Tekay	complete	1
R_corymbosa	Class_I	LTR	Gypsy	chromovirus	Tekay	degenerate	39
R_corymbosa	Class_I	LTR	Gypsy	chromovirus	Tekay	isolated_fragment	90
R_corymbosa	Class_I	LTR	Gypsy	non-chromovirus|OTA	Athila	TR-GAG-like	69
R_corymbosa	Class_I	LTR	Gypsy	non-chromovirus|OTA	Athila	degenerate	20
R_corymbosa	Class_I	LTR	Gypsy	non-chromovirus|OTA	Athila	isolated_fragment	77
R_corymbosa	Class_I	LTR	Gypsy	non-chromovirus|OTA|Tat	Ogre	TR-GAG-like	9
R_corymbosa	Class_I	LTR	Gypsy	non-chromovirus|OTA|Tat	Ogre	isolated_fragment	59
R_corymbosa	Class_I	LTR	Gypsy	non-chromovirus|OTA|Tat	Retand	TR-GAG-like	10
R_corymbosa	Class_I	LTR	Gypsy	non-chromovirus|OTA|Tat	Retand	complete	1
R_corymbosa	Class_I	LTR	Gypsy	non-chromovirus|OTA|Tat	Retand	degenerate	1
R_corymbosa	Class_I	LTR	Gypsy	non-chromovirus|OTA|Tat	Retand	isolated_fragment	9
R_filiformis	Class_I	LTR	Copia	NA	Ale	TR-GAG-like	27
R_filiformis	Class_I	LTR	Copia	NA	Ale	complete	67
R_filiformis	Class_I	LTR	Copia	NA	Ale	degenerate	34
R_filiformis	Class_I	LTR	Copia	NA	Ale	isolated_fragment	45
R_filiformis	Class_I	LTR	Copia	NA	Alesia	TR-GAG-like	7
R_filiformis	Class_I	LTR	Copia	NA	Alesia	complete	2
R_filiformis	Class_I	LTR	Copia	NA	Alesia	degenerate	1
R_filiformis	Class_I	LTR	Copia	NA	Angela	TR-GAG-like	11
R_filiformis	Class_I	LTR	Copia	NA	Angela	complete	10
R_filiformis	Class_I	LTR	Copia	NA	Angela	degenerate	16
R_filiformis	Class_I	LTR	Copia	NA	Angela	isolated_fragment	48
R_filiformis	Class_I	LTR	Copia	NA	Bianca	degenerate	23
R_filiformis	Class_I	LTR	Copia	NA	Bianca	isolated_fragment	21
R_filiformis	Class_I	LTR	Copia	NA	Ikeros	TR-GAG-like	24
R_filiformis	Class_I	LTR	Copia	NA	Ikeros	complete	78
R_filiformis	Class_I	LTR	Copia	NA	Ikeros	degenerate	32
R_filiformis	Class_I	LTR	Copia	NA	Ikeros	isolated_fragment	73
R_filiformis	Class_I	LTR	Copia	NA	Ivana	TR-GAG-like	13
R_filiformis	Class_I	LTR	Copia	NA	Ivana	complete	17
R_filiformis	Class_I	LTR	Copia	NA	Ivana	degenerate	3
R_filiformis	Class_I	LTR	Copia	NA	Ivana	isolated_fragment	10
R_filiformis	Class_I	LTR	Copia	NA	SIRE	degenerate	9
R_filiformis	Class_I	LTR	Copia	NA	SIRE	isolated_fragment	1
R_filiformis	Class_I	LTR	Copia	NA	Tork	complete	6
R_filiformis	Class_I	LTR	Copia	NA	Tork	degenerate	3
R_filiformis	Class_I	LTR	Gypsy	chromovirus	CRM	TR-GAG-like	4
R_filiformis	Class_I	LTR	Gypsy	chromovirus	CRM	degenerate	19
R_filiformis	Class_I	LTR	Gypsy	chromovirus	CRM	isolated_fragment	2
R_filiformis	Class_I	LTR	Gypsy	chromovirus	Reina	TR-GAG-like	7
R_filiformis	Class_I	LTR	Gypsy	chromovirus	Reina	complete	6
R_filiformis	Class_I	LTR	Gypsy	chromovirus	Tekay	TR-GAG-like	9
R_filiformis	Class_I	LTR	Gypsy	chromovirus	Tekay	degenerate	14
R_filiformis	Class_I	LTR	Gypsy	chromovirus	Tekay	isolated_fragment	23
R_filiformis	Class_I	LTR	Gypsy	non-chromovirus|OTA	Athila	TR-GAG-like	59
R_filiformis	Class_I	LTR	Gypsy	non-chromovirus|OTA	Athila	complete	2
R_filiformis	Class_I	LTR	Gypsy	non-chromovirus|OTA	Athila	degenerate	57
R_filiformis	Class_I	LTR	Gypsy	non-chromovirus|OTA	Athila	isolated_fragment	48
R_filiformis	Class_I	LTR	Gypsy	non-chromovirus|OTA|Tat	Ogre	TR-GAG-like	120
R_filiformis	Class_I	LTR	Gypsy	non-chromovirus|OTA|Tat	Ogre	isolated_fragment	138
R_filiformis	Class_I	LTR	Gypsy	non-chromovirus|OTA|Tat	Retand	TR-GAG-like	67
R_filiformis	Class_I	LTR	Gypsy	non-chromovirus|OTA|Tat	Retand	isolated_fragment	70
R_gaudichaudii	Class_I	LTR	Copia	NA	Ale	TR-GAG-like	226
R_gaudichaudii	Class_I	LTR	Copia	NA	Ale	complete	163
R_gaudichaudii	Class_I	LTR	Copia	NA	Ale	degenerate	228
R_gaudichaudii	Class_I	LTR	Copia	NA	Ale	isolated_fragment	264
R_gaudichaudii	Class_I	LTR	Copia	NA	Alesia	TR-GAG-like	6
R_gaudichaudii	Class_I	LTR	Copia	NA	Alesia	complete	3
R_gaudichaudii	Class_I	LTR	Copia	NA	Alesia	degenerate	2
R_gaudichaudii	Class_I	LTR	Copia	NA	Alesia	isolated_fragment	5
R_gaudichaudii	Class_I	LTR	Copia	NA	Angela	TR-GAG-like	22
R_gaudichaudii	Class_I	LTR	Copia	NA	Angela	degenerate	83
R_gaudichaudii	Class_I	LTR	Copia	NA	Angela	isolated_fragment	58
R_gaudichaudii	Class_I	LTR	Copia	NA	Bianca	TR-GAG-like	1
R_gaudichaudii	Class_I	LTR	Copia	NA	Bianca	degenerate	13
R_gaudichaudii	Class_I	LTR	Copia	NA	Bianca	isolated_fragment	12
R_gaudichaudii	Class_I	LTR	Copia	NA	Ikeros	TR-GAG-like	80
R_gaudichaudii	Class_I	LTR	Copia	NA	Ikeros	complete	142
R_gaudichaudii	Class_I	LTR	Copia	NA	Ikeros	degenerate	119
R_gaudichaudii	Class_I	LTR	Copia	NA	Ikeros	isolated_fragment	288
R_gaudichaudii	Class_I	LTR	Copia	NA	Ivana	TR-GAG-like	36
R_gaudichaudii	Class_I	LTR	Copia	NA	Ivana	complete	70
R_gaudichaudii	Class_I	LTR	Copia	NA	Ivana	degenerate	55
R_gaudichaudii	Class_I	LTR	Copia	NA	Ivana	isolated_fragment	43
R_gaudichaudii	Class_I	LTR	Copia	NA	SIRE	degenerate	5
R_gaudichaudii	Class_I	LTR	Copia	NA	SIRE	isolated_fragment	2
R_gaudichaudii	Class_I	LTR	Copia	NA	TAR	TR-GAG-like	1
R_gaudichaudii	Class_I	LTR	Copia	NA	TAR	isolated_fragment	3
R_gaudichaudii	Class_I	LTR	Copia	NA	Tork	TR-GAG-like	27
R_gaudichaudii	Class_I	LTR	Copia	NA	Tork	complete	3
R_gaudichaudii	Class_I	LTR	Copia	NA	Tork	degenerate	26
R_gaudichaudii	Class_I	LTR	Copia	NA	Tork	isolated_fragment	15
R_gaudichaudii	Class_I	LTR	Gypsy	chromovirus	CRM	TR-GAG-like	26
R_gaudichaudii	Class_I	LTR	Gypsy	chromovirus	CRM	complete	7
R_gaudichaudii	Class_I	LTR	Gypsy	chromovirus	CRM	degenerate	8
R_gaudichaudii	Class_I	LTR	Gypsy	chromovirus	CRM	isolated_fragment	16
R_gaudichaudii	Class_I	LTR	Gypsy	chromovirus	Reina	TR-GAG-like	41
R_gaudichaudii	Class_I	LTR	Gypsy	chromovirus	Reina	complete	6
R_gaudichaudii	Class_I	LTR	Gypsy	chromovirus	Reina	degenerate	1
R_gaudichaudii	Class_I	LTR	Gypsy	chromovirus	Reina	isolated_fragment	54
R_gaudichaudii	Class_I	LTR	Gypsy	chromovirus	Tekay	TR-GAG-like	24
R_gaudichaudii	Class_I	LTR	Gypsy	chromovirus	Tekay	degenerate	8
R_gaudichaudii	Class_I	LTR	Gypsy	chromovirus	Tekay	isolated_fragment	57
R_gaudichaudii	Class_I	LTR	Gypsy	non-chromovirus|OTA	Athila	TR-GAG-like	40
R_gaudichaudii	Class_I	LTR	Gypsy	non-chromovirus|OTA	Athila	complete	2
R_gaudichaudii	Class_I	LTR	Gypsy	non-chromovirus|OTA	Athila	degenerate	128
R_gaudichaudii	Class_I	LTR	Gypsy	non-chromovirus|OTA	Athila	isolated_fragment	31
R_gaudichaudii	Class_I	LTR	Gypsy	non-chromovirus|OTA|Tat	Ogre	TR-GAG-like	76
R_gaudichaudii	Class_I	LTR	Gypsy	non-chromovirus|OTA|Tat	Ogre	isolated_fragment	29
R_gaudichaudii	Class_I	LTR	Gypsy	non-chromovirus|OTA|Tat	Retand	TR-GAG-like	84
R_gaudichaudii	Class_I	LTR	Gypsy	non-chromovirus|OTA|Tat	Retand	degenerate	1
R_gaudichaudii	Class_I	LTR	Gypsy	non-chromovirus|OTA|Tat	Retand	isolated_fragment	59
R_holoschoenoides	Class_I	LTR	Copia	NA	Ale	TR-GAG-like	18
R_holoschoenoides	Class_I	LTR	Copia	NA	Ale	complete	40
R_holoschoenoides	Class_I	LTR	Copia	NA	Ale	degenerate	24
R_holoschoenoides	Class_I	LTR	Copia	NA	Ale	isolated_fragment	37
R_holoschoenoides	Class_I	LTR	Copia	NA	Alesia	TR-GAG-like	5
R_holoschoenoides	Class_I	LTR	Copia	NA	Alesia	isolated_fragment	1
R_holoschoenoides	Class_I	LTR	Copia	NA	Angela	TR-GAG-like	4
R_holoschoenoides	Class_I	LTR	Copia	NA	Angela	complete	41
R_holoschoenoides	Class_I	LTR	Copia	NA	Angela	degenerate	56
R_holoschoenoides	Class_I	LTR	Copia	NA	Angela	isolated_fragment	14
R_holoschoenoides	Class_I	LTR	Copia	NA	Bianca	degenerate	5
R_holoschoenoides	Class_I	LTR	Copia	NA	Ikeros	TR-GAG-like	14
R_holoschoenoides	Class_I	LTR	Copia	NA	Ikeros	complete	119
R_holoschoenoides	Class_I	LTR	Copia	NA	Ikeros	degenerate	122
R_holoschoenoides	Class_I	LTR	Copia	NA	Ikeros	isolated_fragment	48
R_holoschoenoides	Class_I	LTR	Copia	NA	Ivana	TR-GAG-like	24
R_holoschoenoides	Class_I	LTR	Copia	NA	Ivana	complete	22
R_holoschoenoides	Class_I	LTR	Copia	NA	Ivana	degenerate	1
R_holoschoenoides	Class_I	LTR	Copia	NA	Ivana	isolated_fragment	24
R_holoschoenoides	Class_I	LTR	Copia	NA	SIRE	degenerate	6
R_holoschoenoides	Class_I	LTR	Copia	NA	SIRE	isolated_fragment	1
R_holoschoenoides	Class_I	LTR	Copia	NA	TAR	complete	1
R_holoschoenoides	Class_I	LTR	Copia	NA	TAR	degenerate	2
R_holoschoenoides	Class_I	LTR	Copia	NA	Tork	TR-GAG-like	10
R_holoschoenoides	Class_I	LTR	Copia	NA	Tork	complete	18
R_holoschoenoides	Class_I	LTR	Copia	NA	Tork	degenerate	7
R_holoschoenoides	Class_I	LTR	Copia	NA	Tork	isolated_fragment	5
R_holoschoenoides	Class_I	LTR	Gypsy	chromovirus	CRM	TR-GAG-like	1
R_holoschoenoides	Class_I	LTR	Gypsy	chromovirus	CRM	degenerate	5
R_holoschoenoides	Class_I	LTR	Gypsy	chromovirus	CRM	isolated_fragment	2
R_holoschoenoides	Class_I	LTR	Gypsy	chromovirus	Reina	TR-GAG-like	13
R_holoschoenoides	Class_I	LTR	Gypsy	chromovirus	Reina	complete	1
R_holoschoenoides	Class_I	LTR	Gypsy	chromovirus	Reina	isolated_fragment	11
R_holoschoenoides	Class_I	LTR	Gypsy	chromovirus	Tekay	TR-GAG-like	11
R_holoschoenoides	Class_I	LTR	Gypsy	chromovirus	Tekay	complete	5
R_holoschoenoides	Class_I	LTR	Gypsy	chromovirus	Tekay	degenerate	19
R_holoschoenoides	Class_I	LTR	Gypsy	chromovirus	Tekay	isolated_fragment	18
R_holoschoenoides	Class_I	LTR	Gypsy	non-chromovirus|OTA	Athila	TR-GAG-like	3
R_holoschoenoides	Class_I	LTR	Gypsy	non-chromovirus|OTA	Athila	degenerate	18
R_holoschoenoides	Class_I	LTR	Gypsy	non-chromovirus|OTA	Athila	isolated_fragment	8
R_holoschoenoides	Class_I	LTR	Gypsy	non-chromovirus|OTA|Tat	Ogre	TR-GAG-like	11
R_holoschoenoides	Class_I	LTR	Gypsy	non-chromovirus|OTA|Tat	Ogre	isolated_fragment	8
R_nervosa	Class_I	LTR	Copia	NA	Ale	TR-GAG-like	141
R_nervosa	Class_I	LTR	Copia	NA	Ale	complete	284
R_nervosa	Class_I	LTR	Copia	NA	Ale	degenerate	300
R_nervosa	Class_I	LTR	Copia	NA	Ale	isolated_fragment	177
R_nervosa	Class_I	LTR	Copia	NA	Alesia	TR-GAG-like	51
R_nervosa	Class_I	LTR	Copia	NA	Alesia	complete	25
R_nervosa	Class_I	LTR	Copia	NA	Alesia	degenerate	10
R_nervosa	Class_I	LTR	Copia	NA	Alesia	isolated_fragment	11
R_nervosa	Class_I	LTR	Copia	NA	Angela	TR-GAG-like	43
R_nervosa	Class_I	LTR	Copia	NA	Angela	degenerate	120
R_nervosa	Class_I	LTR	Copia	NA	Angela	isolated_fragment	340
R_nervosa	Class_I	LTR	Copia	NA	Bianca	TR-GAG-like	3
R_nervosa	Class_I	LTR	Copia	NA	Bianca	complete	4
R_nervosa	Class_I	LTR	Copia	NA	Bianca	degenerate	161
R_nervosa	Class_I	LTR	Copia	NA	Bianca	isolated_fragment	77
R_nervosa	Class_I	LTR	Copia	NA	Ikeros	TR-GAG-like	109
R_nervosa	Class_I	LTR	Copia	NA	Ikeros	complete	195
R_nervosa	Class_I	LTR	Copia	NA	Ikeros	degenerate	175
R_nervosa	Class_I	LTR	Copia	NA	Ikeros	isolated_fragment	274
R_nervosa	Class_I	LTR	Copia	NA	Ivana	TR-GAG-like	171
R_nervosa	Class_I	LTR	Copia	NA	Ivana	complete	59
R_nervosa	Class_I	LTR	Copia	NA	Ivana	degenerate	49
R_nervosa	Class_I	LTR	Copia	NA	Ivana	isolated_fragment	50
R_nervosa	Class_I	LTR	Copia	NA	SIRE	TR-GAG-like	2
R_nervosa	Class_I	LTR	Copia	NA	SIRE	degenerate	399
R_nervosa	Class_I	LTR	Copia	NA	SIRE	isolated_fragment	63
R_nervosa	Class_I	LTR	Copia	NA	Tork	TR-GAG-like	14
R_nervosa	Class_I	LTR	Copia	NA	Tork	complete	14
R_nervosa	Class_I	LTR	Copia	NA	Tork	degenerate	40
R_nervosa	Class_I	LTR	Copia	NA	Tork	isolated_fragment	16
R_nervosa	Class_I	LTR	Gypsy	chromovirus	CRM	TR-GAG-like	4
R_nervosa	Class_I	LTR	Gypsy	chromovirus	CRM	complete	63
R_nervosa	Class_I	LTR	Gypsy	chromovirus	CRM	degenerate	50
R_nervosa	Class_I	LTR	Gypsy	chromovirus	CRM	isolated_fragment	21
R_nervosa	Class_I	LTR	Gypsy	chromovirus	Reina	TR-GAG-like	40
R_nervosa	Class_I	LTR	Gypsy	chromovirus	Reina	complete	10
R_nervosa	Class_I	LTR	Gypsy	chromovirus	Reina	degenerate	3
R_nervosa	Class_I	LTR	Gypsy	chromovirus	Reina	isolated_fragment	26
R_nervosa	Class_I	LTR	Gypsy	chromovirus	Tekay	TR-GAG-like	12
R_nervosa	Class_I	LTR	Gypsy	chromovirus	Tekay	complete	69
R_nervosa	Class_I	LTR	Gypsy	chromovirus	Tekay	degenerate	98
R_nervosa	Class_I	LTR	Gypsy	chromovirus	Tekay	isolated_fragment	117
R_nervosa	Class_I	LTR	Gypsy	non-chromovirus|OTA	Athila	TR-GAG-like	109
R_nervosa	Class_I	LTR	Gypsy	non-chromovirus|OTA	Athila	complete	87
R_nervosa	Class_I	LTR	Gypsy	non-chromovirus|OTA	Athila	degenerate	415
R_nervosa	Class_I	LTR	Gypsy	non-chromovirus|OTA	Athila	isolated_fragment	92
R_nervosa	Class_I	LTR	Gypsy	non-chromovirus|OTA|Tat	Ogre	TR-GAG-like	91
R_nervosa	Class_I	LTR	Gypsy	non-chromovirus|OTA|Tat	Ogre	degenerate	8
R_nervosa	Class_I	LTR	Gypsy	non-chromovirus|OTA|Tat	Ogre	isolated_fragment	284
R_nervosa	Class_I	LTR	Gypsy	non-chromovirus|OTA|Tat	Retand	TR-GAG-like	145
R_nervosa	Class_I	LTR	Gypsy	non-chromovirus|OTA|Tat	Retand	complete	31
R_nervosa	Class_I	LTR	Gypsy	non-chromovirus|OTA|Tat	Retand	degenerate	10
R_nervosa	Class_I	LTR	Gypsy	non-chromovirus|OTA|Tat	Retand	isolated_fragment	164
R_nervosa_subsp_ciliata	Class_I	LTR	Copia	NA	Ale	TR-GAG-like	167
R_nervosa_subsp_ciliata	Class_I	LTR	Copia	NA	Ale	complete	291
R_nervosa_subsp_ciliata	Class_I	LTR	Copia	NA	Ale	degenerate	343
R_nervosa_subsp_ciliata	Class_I	LTR	Copia	NA	Ale	isolated_fragment	179
R_nervosa_subsp_ciliata	Class_I	LTR	Copia	NA	Alesia	TR-GAG-like	51
R_nervosa_subsp_ciliata	Class_I	LTR	Copia	NA	Alesia	complete	18
R_nervosa_subsp_ciliata	Class_I	LTR	Copia	NA	Alesia	degenerate	8
R_nervosa_subsp_ciliata	Class_I	LTR	Copia	NA	Alesia	isolated_fragment	8
R_nervosa_subsp_ciliata	Class_I	LTR	Copia	NA	Angela	TR-GAG-like	40
R_nervosa_subsp_ciliata	Class_I	LTR	Copia	NA	Angela	complete	17
R_nervosa_subsp_ciliata	Class_I	LTR	Copia	NA	Angela	degenerate	92
R_nervosa_subsp_ciliata	Class_I	LTR	Copia	NA	Angela	isolated_fragment	376
R_nervosa_subsp_ciliata	Class_I	LTR	Copia	NA	Bianca	TR-GAG-like	2
R_nervosa_subsp_ciliata	Class_I	LTR	Copia	NA	Bianca	complete	1
R_nervosa_subsp_ciliata	Class_I	LTR	Copia	NA	Bianca	degenerate	168
R_nervosa_subsp_ciliata	Class_I	LTR	Copia	NA	Bianca	isolated_fragment	80
R_nervosa_subsp_ciliata	Class_I	LTR	Copia	NA	Ikeros	TR-GAG-like	131
R_nervosa_subsp_ciliata	Class_I	LTR	Copia	NA	Ikeros	complete	265
R_nervosa_subsp_ciliata	Class_I	LTR	Copia	NA	Ikeros	degenerate	193
R_nervosa_subsp_ciliata	Class_I	LTR	Copia	NA	Ikeros	isolated_fragment	266
R_nervosa_subsp_ciliata	Class_I	LTR	Copia	NA	Ivana	TR-GAG-like	202
R_nervosa_subsp_ciliata	Class_I	LTR	Copia	NA	Ivana	complete	73
R_nervosa_subsp_ciliata	Class_I	LTR	Copia	NA	Ivana	degenerate	46
R_nervosa_subsp_ciliata	Class_I	LTR	Copia	NA	Ivana	isolated_fragment	40
R_nervosa_subsp_ciliata	Class_I	LTR	Copia	NA	SIRE	degenerate	405
R_nervosa_subsp_ciliata	Class_I	LTR	Copia	NA	SIRE	isolated_fragment	69
R_nervosa_subsp_ciliata	Class_I	LTR	Copia	NA	Tork	TR-GAG-like	18
R_nervosa_subsp_ciliata	Class_I	LTR	Copia	NA	Tork	complete	17
R_nervosa_subsp_ciliata	Class_I	LTR	Copia	NA	Tork	degenerate	43
R_nervosa_subsp_ciliata	Class_I	LTR	Copia	NA	Tork	isolated_fragment	21
R_nervosa_subsp_ciliata	Class_I	LTR	Gypsy	chromovirus	CRM	TR-GAG-like	14
R_nervosa_subsp_ciliata	Class_I	LTR	Gypsy	chromovirus	CRM	complete	59
R_nervosa_subsp_ciliata	Class_I	LTR	Gypsy	chromovirus	CRM	degenerate	49
R_nervosa_subsp_ciliata	Class_I	LTR	Gypsy	chromovirus	CRM	isolated_fragment	32
R_nervosa_subsp_ciliata	Class_I	LTR	Gypsy	chromovirus	Reina	TR-GAG-like	47
R_nervosa_subsp_ciliata	Class_I	LTR	Gypsy	chromovirus	Reina	complete	5
R_nervosa_subsp_ciliata	Class_I	LTR	Gypsy	chromovirus	Reina	degenerate	1
R_nervosa_subsp_ciliata	Class_I	LTR	Gypsy	chromovirus	Reina	isolated_fragment	35
R_nervosa_subsp_ciliata	Class_I	LTR	Gypsy	chromovirus	Tekay	TR-GAG-like	6
R_nervosa_subsp_ciliata	Class_I	LTR	Gypsy	chromovirus	Tekay	complete	5
R_nervosa_subsp_ciliata	Class_I	LTR	Gypsy	chromovirus	Tekay	degenerate	60
R_nervosa_subsp_ciliata	Class_I	LTR	Gypsy	chromovirus	Tekay	isolated_fragment	87
R_nervosa_subsp_ciliata	Class_I	LTR	Gypsy	non-chromovirus|OTA	Athila	TR-GAG-like	124
R_nervosa_subsp_ciliata	Class_I	LTR	Gypsy	non-chromovirus|OTA	Athila	complete	41
R_nervosa_subsp_ciliata	Class_I	LTR	Gypsy	non-chromovirus|OTA	Athila	degenerate	249
R_nervosa_subsp_ciliata	Class_I	LTR	Gypsy	non-chromovirus|OTA	Athila	isolated_fragment	69
R_nervosa_subsp_ciliata	Class_I	LTR	Gypsy	non-chromovirus|OTA|Tat	Ogre	TR-GAG-like	54
R_nervosa_subsp_ciliata	Class_I	LTR	Gypsy	non-chromovirus|OTA|Tat	Ogre	degenerate	1
R_nervosa_subsp_ciliata	Class_I	LTR	Gypsy	non-chromovirus|OTA|Tat	Ogre	isolated_fragment	216
R_nervosa_subsp_ciliata	Class_I	LTR	Gypsy	non-chromovirus|OTA|Tat	Retand	TR-GAG-like	127
R_nervosa_subsp_ciliata	Class_I	LTR	Gypsy	non-chromovirus|OTA|Tat	Retand	complete	18
R_nervosa_subsp_ciliata	Class_I	LTR	Gypsy	non-chromovirus|OTA|Tat	Retand	degenerate	7
R_nervosa_subsp_ciliata	Class_I	LTR	Gypsy	non-chromovirus|OTA|Tat	Retand	isolated_fragment	146
R_pubera	Class_I	LTR	Copia	NA	Ale	TR-GAG-like	724
R_pubera	Class_I	LTR	Copia	NA	Ale	complete	665
R_pubera	Class_I	LTR	Copia	NA	Ale	degenerate	1205
R_pubera	Class_I	LTR	Copia	NA	Ale	isolated_fragment	734
R_pubera	Class_I	LTR	Copia	NA	Alesia	TR-GAG-like	138
R_pubera	Class_I	LTR	Copia	NA	Alesia	complete	21
R_pubera	Class_I	LTR	Copia	NA	Alesia	degenerate	20
R_pubera	Class_I	LTR	Copia	NA	Alesia	isolated_fragment	18
R_pubera	Class_I	LTR	Copia	NA	Angela	TR-GAG-like	119
R_pubera	Class_I	LTR	Copia	NA	Angela	degenerate	253
R_pubera	Class_I	LTR	Copia	NA	Angela	isolated_fragment	627
R_pubera	Class_I	LTR	Copia	NA	Bianca	TR-GAG-like	7
R_pubera	Class_I	LTR	Copia	NA	Bianca	complete	10
R_pubera	Class_I	LTR	Copia	NA	Bianca	degenerate	299
R_pubera	Class_I	LTR	Copia	NA	Bianca	isolated_fragment	88
R_pubera	Class_I	LTR	Copia	NA	Ikeros	TR-GAG-like	194
R_pubera	Class_I	LTR	Copia	NA	Ikeros	complete	370
R_pubera	Class_I	LTR	Copia	NA	Ikeros	degenerate	371
R_pubera	Class_I	LTR	Copia	NA	Ikeros	isolated_fragment	523
R_pubera	Class_I	LTR	Copia	NA	Ivana	TR-GAG-like	248
R_pubera	Class_I	LTR	Copia	NA	Ivana	complete	281
R_pubera	Class_I	LTR	Copia	NA	Ivana	degenerate	132
R_pubera	Class_I	LTR	Copia	NA	Ivana	isolated_fragment	179
R_pubera	Class_I	LTR	Copia	NA	SIRE	TR-GAG-like	1
R_pubera	Class_I	LTR	Copia	NA	SIRE	degenerate	715
R_pubera	Class_I	LTR	Copia	NA	SIRE	isolated_fragment	109
R_pubera	Class_I	LTR	Copia	NA	TAR	TR-GAG-like	4
R_pubera	Class_I	LTR	Copia	NA	TAR	degenerate	20
R_pubera	Class_I	LTR	Copia	NA	TAR	isolated_fragment	4
R_pubera	Class_I	LTR	Copia	NA	Tork	TR-GAG-like	214
R_pubera	Class_I	LTR	Copia	NA	Tork	complete	205
R_pubera	Class_I	LTR	Copia	NA	Tork	degenerate	196
R_pubera	Class_I	LTR	Copia	NA	Tork	isolated_fragment	251
R_pubera	Class_I	LTR	Gypsy	chromovirus	CRM	TR-GAG-like	56
R_pubera	Class_I	LTR	Gypsy	chromovirus	CRM	complete	202
R_pubera	Class_I	LTR	Gypsy	chromovirus	CRM	degenerate	118
R_pubera	Class_I	LTR	Gypsy	chromovirus	CRM	isolated_fragment	129
R_pubera	Class_I	LTR	Gypsy	chromovirus	Reina	TR-GAG-like	381
R_pubera	Class_I	LTR	Gypsy	chromovirus	Reina	complete	22
R_pubera	Class_I	LTR	Gypsy	chromovirus	Reina	degenerate	11
R_pubera	Class_I	LTR	Gypsy	chromovirus	Reina	isolated_fragment	319
R_pubera	Class_I	LTR	Gypsy	chromovirus	Tekay	TR-GAG-like	39
R_pubera	Class_I	LTR	Gypsy	chromovirus	Tekay	complete	14
R_pubera	Class_I	LTR	Gypsy	chromovirus	Tekay	degenerate	81
R_pubera	Class_I	LTR	Gypsy	chromovirus	Tekay	isolated_fragment	453
R_pubera	Class_I	LTR	Gypsy	non-chromovirus|OTA	Athila	TR-GAG-like	343
R_pubera	Class_I	LTR	Gypsy	non-chromovirus|OTA	Athila	complete	27
R_pubera	Class_I	LTR	Gypsy	non-chromovirus|OTA	Athila	degenerate	922
R_pubera	Class_I	LTR	Gypsy	non-chromovirus|OTA	Athila	isolated_fragment	350
R_pubera	Class_I	LTR	Gypsy	non-chromovirus|OTA|Tat	Ogre	TR-GAG-like	590
R_pubera	Class_I	LTR	Gypsy	non-chromovirus|OTA|Tat	Ogre	degenerate	18
R_pubera	Class_I	LTR	Gypsy	non-chromovirus|OTA|Tat	Ogre	isolated_fragment	799
R_pubera	Class_I	LTR	Gypsy	non-chromovirus|OTA|Tat	Retand	TR-GAG-like	693
R_pubera	Class_I	LTR	Gypsy	non-chromovirus|OTA|Tat	Retand	complete	6
R_pubera	Class_I	LTR	Gypsy	non-chromovirus|OTA|Tat	Retand	degenerate	3
R_pubera	Class_I	LTR	Gypsy	non-chromovirus|OTA|Tat	Retand	isolated_fragment	532
R_radicans	Class_I	LTR	Copia	NA	Ale	TR-GAG-like	90
R_radicans	Class_I	LTR	Copia	NA	Ale	complete	117
R_radicans	Class_I	LTR	Copia	NA	Ale	degenerate	142
R_radicans	Class_I	LTR	Copia	NA	Ale	isolated_fragment	90
R_radicans	Class_I	LTR	Copia	NA	Alesia	TR-GAG-like	16
R_radicans	Class_I	LTR	Copia	NA	Alesia	complete	8
R_radicans	Class_I	LTR	Copia	NA	Alesia	degenerate	3
R_radicans	Class_I	LTR	Copia	NA	Alesia	isolated_fragment	4
R_radicans	Class_I	LTR	Copia	NA	Angela	TR-GAG-like	59
R_radicans	Class_I	LTR	Copia	NA	Angela	complete	13
R_radicans	Class_I	LTR	Copia	NA	Angela	degenerate	179
R_radicans	Class_I	LTR	Copia	NA	Angela	isolated_fragment	336
R_radicans	Class_I	LTR	Copia	NA	Bianca	TR-GAG-like	5
R_radicans	Class_I	LTR	Copia	NA	Bianca	degenerate	28
R_radicans	Class_I	LTR	Copia	NA	Bianca	isolated_fragment	13
R_radicans	Class_I	LTR	Copia	NA	Ikeros	TR-GAG-like	24
R_radicans	Class_I	LTR	Copia	NA	Ikeros	complete	39
R_radicans	Class_I	LTR	Copia	NA	Ikeros	degenerate	56
R_radicans	Class_I	LTR	Copia	NA	Ikeros	isolated_fragment	95
R_radicans	Class_I	LTR	Copia	NA	Ivana	TR-GAG-like	42
R_radicans	Class_I	LTR	Copia	NA	Ivana	complete	25
R_radicans	Class_I	LTR	Copia	NA	Ivana	degenerate	26
R_radicans	Class_I	LTR	Copia	NA	Ivana	isolated_fragment	83
R_radicans	Class_I	LTR	Copia	NA	SIRE	TR-GAG-like	1
R_radicans	Class_I	LTR	Copia	NA	SIRE	complete	1
R_radicans	Class_I	LTR	Copia	NA	SIRE	degenerate	11
R_radicans	Class_I	LTR	Copia	NA	SIRE	isolated_fragment	14
R_radicans	Class_I	LTR	Copia	NA	TAR	TR-GAG-like	1
R_radicans	Class_I	LTR	Copia	NA	TAR	degenerate	10
R_radicans	Class_I	LTR	Copia	NA	TAR	isolated_fragment	2
R_radicans	Class_I	LTR	Copia	NA	Tork	TR-GAG-like	7
R_radicans	Class_I	LTR	Copia	NA	Tork	complete	4
R_radicans	Class_I	LTR	Copia	NA	Tork	degenerate	31
R_radicans	Class_I	LTR	Copia	NA	Tork	isolated_fragment	16
R_radicans	Class_I	LTR	Gypsy	chromovirus	CRM	TR-GAG-like	7
R_radicans	Class_I	LTR	Gypsy	chromovirus	CRM	complete	15
R_radicans	Class_I	LTR	Gypsy	chromovirus	CRM	degenerate	12
R_radicans	Class_I	LTR	Gypsy	chromovirus	CRM	isolated_fragment	2
R_radicans	Class_I	LTR	Gypsy	chromovirus	Reina	TR-GAG-like	36
R_radicans	Class_I	LTR	Gypsy	chromovirus	Reina	complete	9
R_radicans	Class_I	LTR	Gypsy	chromovirus	Reina	degenerate	5
R_radicans	Class_I	LTR	Gypsy	chromovirus	Reina	isolated_fragment	26
R_radicans	Class_I	LTR	Gypsy	chromovirus	Tekay	TR-GAG-like	37
R_radicans	Class_I	LTR	Gypsy	chromovirus	Tekay	complete	2
R_radicans	Class_I	LTR	Gypsy	chromovirus	Tekay	degenerate	16
R_radicans	Class_I	LTR	Gypsy	chromovirus	Tekay	isolated_fragment	75
R_radicans	Class_I	LTR	Gypsy	non-chromovirus|OTA	Athila	TR-GAG-like	68
R_radicans	Class_I	LTR	Gypsy	non-chromovirus|OTA	Athila	complete	4
R_radicans	Class_I	LTR	Gypsy	non-chromovirus|OTA	Athila	degenerate	180
R_radicans	Class_I	LTR	Gypsy	non-chromovirus|OTA	Athila	isolated_fragment	66
R_radicans	Class_I	LTR	Gypsy	non-chromovirus|OTA|Tat	Ogre	TR-GAG-like	197
R_radicans	Class_I	LTR	Gypsy	non-chromovirus|OTA|Tat	Ogre	degenerate	5
R_radicans	Class_I	LTR	Gypsy	non-chromovirus|OTA|Tat	Ogre	isolated_fragment	105
R_radicans	Class_I	LTR	Gypsy	non-chromovirus|OTA|Tat	Retand	TR-GAG-like	2
R_radicans	Class_I	LTR	Gypsy	non-chromovirus|OTA|Tat	Retand	degenerate	3
R_radicans	Class_I	LTR	Gypsy	non-chromovirus|OTA|Tat	Retand	isolated_fragment	3
R_radicans_var_watsonii	Class_I	LTR	Copia	NA	Ale	TR-GAG-like	100
R_radicans_var_watsonii	Class_I	LTR	Copia	NA	Ale	complete	144
R_radicans_var_watsonii	Class_I	LTR	Copia	NA	Ale	degenerate	192
R_radicans_var_watsonii	Class_I	LTR	Copia	NA	Ale	isolated_fragment	115
R_radicans_var_watsonii	Class_I	LTR	Copia	NA	Alesia	TR-GAG-like	11
R_radicans_var_watsonii	Class_I	LTR	Copia	NA	Alesia	complete	8
R_radicans_var_watsonii	Class_I	LTR	Copia	NA	Alesia	degenerate	3
R_radicans_var_watsonii	Class_I	LTR	Copia	NA	Alesia	isolated_fragment	7
R_radicans_var_watsonii	Class_I	LTR	Copia	NA	Angela	TR-GAG-like	77
R_radicans_var_watsonii	Class_I	LTR	Copia	NA	Angela	complete	43
R_radicans_var_watsonii	Class_I	LTR	Copia	NA	Angela	degenerate	363
R_radicans_var_watsonii	Class_I	LTR	Copia	NA	Angela	isolated_fragment	692
R_radicans_var_watsonii	Class_I	LTR	Copia	NA	Bianca	TR-GAG-like	6
R_radicans_var_watsonii	Class_I	LTR	Copia	NA	Bianca	complete	1
R_radicans_var_watsonii	Class_I	LTR	Copia	NA	Bianca	degenerate	39
R_radicans_var_watsonii	Class_I	LTR	Copia	NA	Bianca	isolated_fragment	19
R_radicans_var_watsonii	Class_I	LTR	Copia	NA	Ikeros	TR-GAG-like	29
R_radicans_var_watsonii	Class_I	LTR	Copia	NA	Ikeros	complete	31
R_radicans_var_watsonii	Class_I	LTR	Copia	NA	Ikeros	degenerate	50
R_radicans_var_watsonii	Class_I	LTR	Copia	NA	Ikeros	isolated_fragment	109
R_radicans_var_watsonii	Class_I	LTR	Copia	NA	Ivana	TR-GAG-like	33
R_radicans_var_watsonii	Class_I	LTR	Copia	NA	Ivana	complete	29
R_radicans_var_watsonii	Class_I	LTR	Copia	NA	Ivana	degenerate	20
R_radicans_var_watsonii	Class_I	LTR	Copia	NA	Ivana	isolated_fragment	32
R_radicans_var_watsonii	Class_I	LTR	Copia	NA	SIRE	degenerate	7
R_radicans_var_watsonii	Class_I	LTR	Copia	NA	SIRE	isolated_fragment	9
R_radicans_var_watsonii	Class_I	LTR	Copia	NA	TAR	degenerate	2
R_radicans_var_watsonii	Class_I	LTR	Copia	NA	TAR	isolated_fragment	1
R_radicans_var_watsonii	Class_I	LTR	Copia	NA	Tork	TR-GAG-like	5
R_radicans_var_watsonii	Class_I	LTR	Copia	NA	Tork	complete	10
R_radicans_var_watsonii	Class_I	LTR	Copia	NA	Tork	degenerate	31
R_radicans_var_watsonii	Class_I	LTR	Copia	NA	Tork	isolated_fragment	7
R_radicans_var_watsonii	Class_I	LTR	Gypsy	chromovirus	CRM	TR-GAG-like	7
R_radicans_var_watsonii	Class_I	LTR	Gypsy	chromovirus	CRM	complete	23
R_radicans_var_watsonii	Class_I	LTR	Gypsy	chromovirus	CRM	degenerate	19
R_radicans_var_watsonii	Class_I	LTR	Gypsy	chromovirus	CRM	isolated_fragment	6
R_radicans_var_watsonii	Class_I	LTR	Gypsy	chromovirus	Reina	TR-GAG-like	23
R_radicans_var_watsonii	Class_I	LTR	Gypsy	chromovirus	Reina	complete	6
R_radicans_var_watsonii	Class_I	LTR	Gypsy	chromovirus	Reina	degenerate	4
R_radicans_var_watsonii	Class_I	LTR	Gypsy	chromovirus	Reina	isolated_fragment	26
R_radicans_var_watsonii	Class_I	LTR	Gypsy	chromovirus	Tekay	TR-GAG-like	29
R_radicans_var_watsonii	Class_I	LTR	Gypsy	chromovirus	Tekay	complete	5
R_radicans_var_watsonii	Class_I	LTR	Gypsy	chromovirus	Tekay	degenerate	26
R_radicans_var_watsonii	Class_I	LTR	Gypsy	chromovirus	Tekay	isolated_fragment	69
R_radicans_var_watsonii	Class_I	LTR	Gypsy	non-chromovirus|OTA	Athila	TR-GAG-like	53
R_radicans_var_watsonii	Class_I	LTR	Gypsy	non-chromovirus|OTA	Athila	complete	39
R_radicans_var_watsonii	Class_I	LTR	Gypsy	non-chromovirus|OTA	Athila	degenerate	156
R_radicans_var_watsonii	Class_I	LTR	Gypsy	non-chromovirus|OTA	Athila	isolated_fragment	51
R_radicans_var_watsonii	Class_I	LTR	Gypsy	non-chromovirus|OTA|Tat	Ogre	TR-GAG-like	117
R_radicans_var_watsonii	Class_I	LTR	Gypsy	non-chromovirus|OTA|Tat	Ogre	isolated_fragment	64
R_radicans_var_watsonii	Class_I	LTR	Gypsy	non-chromovirus|OTA|Tat	Retand	TR-GAG-like	5
R_radicans_var_watsonii	Class_I	LTR	Gypsy	non-chromovirus|OTA|Tat	Retand	isolated_fragment	9
R_ridleyi	Class_I	LTR	Copia	NA	Ale	TR-GAG-like	162
R_ridleyi	Class_I	LTR	Copia	NA	Ale	complete	219
R_ridleyi	Class_I	LTR	Copia	NA	Ale	degenerate	227
R_ridleyi	Class_I	LTR	Copia	NA	Ale	isolated_fragment	102
R_ridleyi	Class_I	LTR	Copia	NA	Alesia	TR-GAG-like	1
R_ridleyi	Class_I	LTR	Copia	NA	Alesia	complete	5
R_ridleyi	Class_I	LTR	Copia	NA	Alesia	degenerate	1
R_ridleyi	Class_I	LTR	Copia	NA	Angela	TR-GAG-like	6
R_ridleyi	Class_I	LTR	Copia	NA	Angela	complete	1
R_ridleyi	Class_I	LTR	Copia	NA	Angela	degenerate	31
R_ridleyi	Class_I	LTR	Copia	NA	Angela	isolated_fragment	55
R_ridleyi	Class_I	LTR	Copia	NA	Bianca	TR-GAG-like	1
R_ridleyi	Class_I	LTR	Copia	NA	Bianca	complete	1
R_ridleyi	Class_I	LTR	Copia	NA	Bianca	degenerate	35
R_ridleyi	Class_I	LTR	Copia	NA	Bianca	isolated_fragment	9
R_ridleyi	Class_I	LTR	Copia	NA	Ikeros	TR-GAG-like	15
R_ridleyi	Class_I	LTR	Copia	NA	Ikeros	complete	116
R_ridleyi	Class_I	LTR	Copia	NA	Ikeros	degenerate	50
R_ridleyi	Class_I	LTR	Copia	NA	Ikeros	isolated_fragment	77
R_ridleyi	Class_I	LTR	Copia	NA	Ivana	TR-GAG-like	43
R_ridleyi	Class_I	LTR	Copia	NA	Ivana	complete	32
R_ridleyi	Class_I	LTR	Copia	NA	Ivana	degenerate	13
R_ridleyi	Class_I	LTR	Copia	NA	Ivana	isolated_fragment	15
R_ridleyi	Class_I	LTR	Copia	NA	TAR	degenerate	6
R_ridleyi	Class_I	LTR	Copia	NA	Tork	TR-GAG-like	6
R_ridleyi	Class_I	LTR	Copia	NA	Tork	complete	12
R_ridleyi	Class_I	LTR	Copia	NA	Tork	degenerate	5
R_ridleyi	Class_I	LTR	Copia	NA	Tork	isolated_fragment	7
R_ridleyi	Class_I	LTR	Gypsy	chromovirus	CRM	TR-GAG-like	4
R_ridleyi	Class_I	LTR	Gypsy	chromovirus	CRM	complete	22
R_ridleyi	Class_I	LTR	Gypsy	chromovirus	CRM	degenerate	6
R_ridleyi	Class_I	LTR	Gypsy	chromovirus	CRM	isolated_fragment	1
R_ridleyi	Class_I	LTR	Gypsy	chromovirus	Reina	TR-GAG-like	14
R_ridleyi	Class_I	LTR	Gypsy	chromovirus	Reina	complete	23
R_ridleyi	Class_I	LTR	Gypsy	chromovirus	Reina	degenerate	5
R_ridleyi	Class_I	LTR	Gypsy	chromovirus	Reina	isolated_fragment	10
R_ridleyi	Class_I	LTR	Gypsy	chromovirus	Tekay	TR-GAG-like	10
R_ridleyi	Class_I	LTR	Gypsy	chromovirus	Tekay	complete	1
R_ridleyi	Class_I	LTR	Gypsy	chromovirus	Tekay	degenerate	199
R_ridleyi	Class_I	LTR	Gypsy	chromovirus	Tekay	isolated_fragment	82
R_ridleyi	Class_I	LTR	Gypsy	non-chromovirus|OTA	Athila	TR-GAG-like	3
R_ridleyi	Class_I	LTR	Gypsy	non-chromovirus|OTA	Athila	degenerate	41
R_ridleyi	Class_I	LTR	Gypsy	non-chromovirus|OTA	Athila	isolated_fragment	12
R_ridleyi	Class_I	LTR	Gypsy	non-chromovirus|OTA|Tat	Ogre	TR-GAG-like	8
R_ridleyi	Class_I	LTR	Gypsy	non-chromovirus|OTA|Tat	Ogre	isolated_fragment	25
R_riparia	Class_I	LTR	Copia	NA	Ale	TR-GAG-like	59
R_riparia	Class_I	LTR	Copia	NA	Ale	complete	90
R_riparia	Class_I	LTR	Copia	NA	Ale	degenerate	120
R_riparia	Class_I	LTR	Copia	NA	Ale	isolated_fragment	68
R_riparia	Class_I	LTR	Copia	NA	Alesia	TR-GAG-like	1
R_riparia	Class_I	LTR	Copia	NA	Alesia	complete	18
R_riparia	Class_I	LTR	Copia	NA	Alesia	degenerate	3
R_riparia	Class_I	LTR	Copia	NA	Alesia	isolated_fragment	1
R_riparia	Class_I	LTR	Copia	NA	Angela	TR-GAG-like	6
R_riparia	Class_I	LTR	Copia	NA	Angela	degenerate	30
R_riparia	Class_I	LTR	Copia	NA	Angela	isolated_fragment	75
R_riparia	Class_I	LTR	Copia	NA	Bianca	TR-GAG-like	3
R_riparia	Class_I	LTR	Copia	NA	Bianca	degenerate	54
R_riparia	Class_I	LTR	Copia	NA	Bianca	isolated_fragment	20
R_riparia	Class_I	LTR	Copia	NA	Ikeros	TR-GAG-like	13
R_riparia	Class_I	LTR	Copia	NA	Ikeros	complete	34
R_riparia	Class_I	LTR	Copia	NA	Ikeros	degenerate	32
R_riparia	Class_I	LTR	Copia	NA	Ikeros	isolated_fragment	128
R_riparia	Class_I	LTR	Copia	NA	Ivana	TR-GAG-like	19
R_riparia	Class_I	LTR	Copia	NA	Ivana	complete	25
R_riparia	Class_I	LTR	Copia	NA	Ivana	degenerate	14
R_riparia	Class_I	LTR	Copia	NA	Ivana	isolated_fragment	10
R_riparia	Class_I	LTR	Copia	NA	TAR	degenerate	3
R_riparia	Class_I	LTR	Copia	NA	Tork	complete	7
R_riparia	Class_I	LTR	Copia	NA	Tork	degenerate	10
R_riparia	Class_I	LTR	Copia	NA	Tork	isolated_fragment	1
R_riparia	Class_I	LTR	Gypsy	chromovirus	CRM	TR-GAG-like	5
R_riparia	Class_I	LTR	Gypsy	chromovirus	CRM	complete	8
R_riparia	Class_I	LTR	Gypsy	chromovirus	CRM	degenerate	3
R_riparia	Class_I	LTR	Gypsy	chromovirus	CRM	isolated_fragment	2
R_riparia	Class_I	LTR	Gypsy	chromovirus	Reina	TR-GAG-like	10
R_riparia	Class_I	LTR	Gypsy	chromovirus	Reina	complete	7
R_riparia	Class_I	LTR	Gypsy	chromovirus	Reina	degenerate	3
R_riparia	Class_I	LTR	Gypsy	chromovirus	Reina	isolated_fragment	10
R_riparia	Class_I	LTR	Gypsy	chromovirus	Tekay	TR-GAG-like	9
R_riparia	Class_I	LTR	Gypsy	chromovirus	Tekay	complete	1
R_riparia	Class_I	LTR	Gypsy	chromovirus	Tekay	degenerate	23
R_riparia	Class_I	LTR	Gypsy	chromovirus	Tekay	isolated_fragment	22
R_riparia	Class_I	LTR	Gypsy	non-chromovirus|OTA	Athila	TR-GAG-like	76
R_riparia	Class_I	LTR	Gypsy	non-chromovirus|OTA	Athila	complete	49
R_riparia	Class_I	LTR	Gypsy	non-chromovirus|OTA	Athila	degenerate	75
R_riparia	Class_I	LTR	Gypsy	non-chromovirus|OTA	Athila	isolated_fragment	32
R_riparia	Class_I	LTR	Gypsy	non-chromovirus|OTA|Tat	Ogre	TR-GAG-like	93
R_riparia	Class_I	LTR	Gypsy	non-chromovirus|OTA|Tat	Ogre	isolated_fragment	80
R_riparia	Class_I	LTR	Gypsy	non-chromovirus|OTA|Tat	Retand	TR-GAG-like	43
R_riparia	Class_I	LTR	Gypsy	non-chromovirus|OTA|Tat	Retand	isolated_fragment	9
R_rugosa	Class_I	LTR	Copia	NA	Ale	TR-GAG-like	124
R_rugosa	Class_I	LTR	Copia	NA	Ale	complete	35
R_rugosa	Class_I	LTR	Copia	NA	Ale	degenerate	12
R_rugosa	Class_I	LTR	Copia	NA	Ale	isolated_fragment	30
R_rugosa	Class_I	LTR	Copia	NA	Alesia	TR-GAG-like	3
R_rugosa	Class_I	LTR	Copia	NA	Alesia	complete	5
R_rugosa	Class_I	LTR	Copia	NA	Alesia	degenerate	1
R_rugosa	Class_I	LTR	Copia	NA	Alesia	isolated_fragment	3
R_rugosa	Class_I	LTR	Copia	NA	Angela	TR-GAG-like	6
R_rugosa	Class_I	LTR	Copia	NA	Angela	complete	23
R_rugosa	Class_I	LTR	Copia	NA	Angela	degenerate	13
R_rugosa	Class_I	LTR	Copia	NA	Angela	isolated_fragment	10
R_rugosa	Class_I	LTR	Copia	NA	Bianca	complete	5
R_rugosa	Class_I	LTR	Copia	NA	Bianca	degenerate	2
R_rugosa	Class_I	LTR	Copia	NA	Bianca	isolated_fragment	3
R_rugosa	Class_I	LTR	Copia	NA	Ikeros	TR-GAG-like	23
R_rugosa	Class_I	LTR	Copia	NA	Ikeros	complete	31
R_rugosa	Class_I	LTR	Copia	NA	Ikeros	degenerate	13
R_rugosa	Class_I	LTR	Copia	NA	Ikeros	isolated_fragment	9
R_rugosa	Class_I	LTR	Copia	NA	Ivana	TR-GAG-like	12
R_rugosa	Class_I	LTR	Copia	NA	Ivana	complete	22
R_rugosa	Class_I	LTR	Copia	NA	Ivana	degenerate	10
R_rugosa	Class_I	LTR	Copia	NA	Ivana	isolated_fragment	8
R_rugosa	Class_I	LTR	Copia	NA	SIRE	TR-GAG-like	1
R_rugosa	Class_I	LTR	Copia	NA	SIRE	degenerate	9
R_rugosa	Class_I	LTR	Copia	NA	SIRE	isolated_fragment	13
R_rugosa	Class_I	LTR	Copia	NA	Tork	complete	3
R_rugosa	Class_I	LTR	Copia	NA	Tork	degenerate	4
R_rugosa	Class_I	LTR	Copia	NA	Tork	isolated_fragment	1
R_rugosa	Class_I	LTR	Gypsy	chromovirus	CRM	TR-GAG-like	3
R_rugosa	Class_I	LTR	Gypsy	chromovirus	CRM	complete	4
R_rugosa	Class_I	LTR	Gypsy	chromovirus	CRM	degenerate	2
R_rugosa	Class_I	LTR	Gypsy	chromovirus	CRM	isolated_fragment	2
R_rugosa	Class_I	LTR	Gypsy	chromovirus	Galadriel	complete	1
R_rugosa	Class_I	LTR	Gypsy	chromovirus	Reina	TR-GAG-like	16
R_rugosa	Class_I	LTR	Gypsy	chromovirus	Reina	isolated_fragment	11
R_rugosa	Class_I	LTR	Gypsy	chromovirus	Tekay	degenerate	3
R_rugosa	Class_I	LTR	Gypsy	chromovirus	Tekay	isolated_fragment	26
R_rugosa	Class_I	LTR	Gypsy	non-chromovirus|OTA	Athila	TR-GAG-like	33
R_rugosa	Class_I	LTR	Gypsy	non-chromovirus|OTA	Athila	complete	1
R_rugosa	Class_I	LTR	Gypsy	non-chromovirus|OTA	Athila	degenerate	101
R_rugosa	Class_I	LTR	Gypsy	non-chromovirus|OTA	Athila	isolated_fragment	17
R_rugosa	Class_I	LTR	Gypsy	non-chromovirus|OTA|Tat	Ogre	TR-GAG-like	11
R_rugosa	Class_I	LTR	Gypsy	non-chromovirus|OTA|Tat	Ogre	isolated_fragment	9
R_tenerrima	Class_I	LTR	Copia	NA	Ale	TR-GAG-like	80
R_tenerrima	Class_I	LTR	Copia	NA	Ale	complete	146
R_tenerrima	Class_I	LTR	Copia	NA	Ale	degenerate	120
R_tenerrima	Class_I	LTR	Copia	NA	Ale	isolated_fragment	147
R_tenerrima	Class_I	LTR	Copia	NA	Alesia	TR-GAG-like	9
R_tenerrima	Class_I	LTR	Copia	NA	Alesia	complete	14
R_tenerrima	Class_I	LTR	Copia	NA	Alesia	degenerate	12
R_tenerrima	Class_I	LTR	Copia	NA	Alesia	isolated_fragment	4
R_tenerrima	Class_I	LTR	Copia	NA	Angela	TR-GAG-like	15
R_tenerrima	Class_I	LTR	Copia	NA	Angela	degenerate	71
R_tenerrima	Class_I	LTR	Copia	NA	Angela	isolated_fragment	122
R_tenerrima	Class_I	LTR	Copia	NA	Bianca	TR-GAG-like	3
R_tenerrima	Class_I	LTR	Copia	NA	Bianca	complete	7
R_tenerrima	Class_I	LTR	Copia	NA	Bianca	degenerate	97
R_tenerrima	Class_I	LTR	Copia	NA	Bianca	isolated_fragment	26
R_tenerrima	Class_I	LTR	Copia	NA	Ikeros	TR-GAG-like	58
R_tenerrima	Class_I	LTR	Copia	NA	Ikeros	complete	68
R_tenerrima	Class_I	LTR	Copia	NA	Ikeros	degenerate	173
R_tenerrima	Class_I	LTR	Copia	NA	Ikeros	isolated_fragment	100
R_tenerrima	Class_I	LTR	Copia	NA	Ivana	TR-GAG-like	54
R_tenerrima	Class_I	LTR	Copia	NA	Ivana	complete	46
R_tenerrima	Class_I	LTR	Copia	NA	Ivana	degenerate	25
R_tenerrima	Class_I	LTR	Copia	NA	Ivana	isolated_fragment	27
R_tenerrima	Class_I	LTR	Copia	NA	SIRE	degenerate	11
R_tenerrima	Class_I	LTR	Copia	NA	SIRE	isolated_fragment	8
R_tenerrima	Class_I	LTR	Copia	NA	TAR	TR-GAG-like	1
R_tenerrima	Class_I	LTR	Copia	NA	TAR	degenerate	10
R_tenerrima	Class_I	LTR	Copia	NA	TAR	isolated_fragment	1
R_tenerrima	Class_I	LTR	Copia	NA	Tork	TR-GAG-like	25
R_tenerrima	Class_I	LTR	Copia	NA	Tork	complete	29
R_tenerrima	Class_I	LTR	Copia	NA	Tork	degenerate	34
R_tenerrima	Class_I	LTR	Copia	NA	Tork	isolated_fragment	28
R_tenerrima	Class_I	LTR	Gypsy	chromovirus	CRM	TR-GAG-like	11
R_tenerrima	Class_I	LTR	Gypsy	chromovirus	CRM	complete	33
R_tenerrima	Class_I	LTR	Gypsy	chromovirus	CRM	degenerate	31
R_tenerrima	Class_I	LTR	Gypsy	chromovirus	CRM	isolated_fragment	9
R_tenerrima	Class_I	LTR	Gypsy	chromovirus	Reina	TR-GAG-like	42
R_tenerrima	Class_I	LTR	Gypsy	chromovirus	Reina	complete	6
R_tenerrima	Class_I	LTR	Gypsy	chromovirus	Reina	degenerate	5
R_tenerrima	Class_I	LTR	Gypsy	chromovirus	Reina	isolated_fragment	14
R_tenerrima	Class_I	LTR	Gypsy	chromovirus	Tekay	TR-GAG-like	6
R_tenerrima	Class_I	LTR	Gypsy	chromovirus	Tekay	degenerate	21
R_tenerrima	Class_I	LTR	Gypsy	chromovirus	Tekay	isolated_fragment	22
R_tenerrima	Class_I	LTR	Gypsy	non-chromovirus|OTA	Athila	TR-GAG-like	78
R_tenerrima	Class_I	LTR	Gypsy	non-chromovirus|OTA	Athila	complete	9
R_tenerrima	Class_I	LTR	Gypsy	non-chromovirus|OTA	Athila	degenerate	101
R_tenerrima	Class_I	LTR	Gypsy	non-chromovirus|OTA	Athila	isolated_fragment	100
R_tenerrima	Class_I	LTR	Gypsy	non-chromovirus|OTA|Tat	Ogre	TR-GAG-like	51
R_tenerrima	Class_I	LTR	Gypsy	non-chromovirus|OTA|Tat	Ogre	degenerate	9
R_tenerrima	Class_I	LTR	Gypsy	non-chromovirus|OTA|Tat	Ogre	isolated_fragment	54
R_tenuis	Class_I	LTR	Copia	NA	Ale	TR-GAG-like	87
R_tenuis	Class_I	LTR	Copia	NA	Ale	complete	126
R_tenuis	Class_I	LTR	Copia	NA	Ale	degenerate	156
R_tenuis	Class_I	LTR	Copia	NA	Ale	isolated_fragment	145
R_tenuis	Class_I	LTR	Copia	NA	Alesia	TR-GAG-like	5
R_tenuis	Class_I	LTR	Copia	NA	Alesia	complete	29
R_tenuis	Class_I	LTR	Copia	NA	Alesia	degenerate	12
R_tenuis	Class_I	LTR	Copia	NA	Alesia	isolated_fragment	13
R_tenuis	Class_I	LTR	Copia	NA	Angela	TR-GAG-like	14
R_tenuis	Class_I	LTR	Copia	NA	Angela	complete	35
R_tenuis	Class_I	LTR	Copia	NA	Angela	degenerate	95
R_tenuis	Class_I	LTR	Copia	NA	Angela	isolated_fragment	421
R_tenuis	Class_I	LTR	Copia	NA	Bianca	TR-GAG-like	2
R_tenuis	Class_I	LTR	Copia	NA	Bianca	complete	1
R_tenuis	Class_I	LTR	Copia	NA	Bianca	degenerate	47
R_tenuis	Class_I	LTR	Copia	NA	Bianca	isolated_fragment	30
R_tenuis	Class_I	LTR	Copia	NA	Ikeros	TR-GAG-like	41
R_tenuis	Class_I	LTR	Copia	NA	Ikeros	complete	58
R_tenuis	Class_I	LTR	Copia	NA	Ikeros	degenerate	103
R_tenuis	Class_I	LTR	Copia	NA	Ikeros	isolated_fragment	421
R_tenuis	Class_I	LTR	Copia	NA	Ivana	TR-GAG-like	100
R_tenuis	Class_I	LTR	Copia	NA	Ivana	complete	90
R_tenuis	Class_I	LTR	Copia	NA	Ivana	degenerate	51
R_tenuis	Class_I	LTR	Copia	NA	Ivana	isolated_fragment	28
R_tenuis	Class_I	LTR	Copia	NA	SIRE	degenerate	12
R_tenuis	Class_I	LTR	Copia	NA	SIRE	isolated_fragment	7
R_tenuis	Class_I	LTR	Copia	NA	Tork	TR-GAG-like	30
R_tenuis	Class_I	LTR	Copia	NA	Tork	complete	14
R_tenuis	Class_I	LTR	Copia	NA	Tork	degenerate	34
R_tenuis	Class_I	LTR	Copia	NA	Tork	isolated_fragment	23
R_tenuis	Class_I	LTR	Gypsy	chromovirus	CRM	TR-GAG-like	9
R_tenuis	Class_I	LTR	Gypsy	chromovirus	CRM	complete	31
R_tenuis	Class_I	LTR	Gypsy	chromovirus	CRM	degenerate	12
R_tenuis	Class_I	LTR	Gypsy	chromovirus	CRM	isolated_fragment	7
R_tenuis	Class_I	LTR	Gypsy	chromovirus	Reina	TR-GAG-like	22
R_tenuis	Class_I	LTR	Gypsy	chromovirus	Reina	complete	9
R_tenuis	Class_I	LTR	Gypsy	chromovirus	Reina	degenerate	1
R_tenuis	Class_I	LTR	Gypsy	chromovirus	Reina	isolated_fragment	9
R_tenuis	Class_I	LTR	Gypsy	chromovirus	Tekay	TR-GAG-like	15
R_tenuis	Class_I	LTR	Gypsy	chromovirus	Tekay	complete	4
R_tenuis	Class_I	LTR	Gypsy	chromovirus	Tekay	degenerate	110
R_tenuis	Class_I	LTR	Gypsy	chromovirus	Tekay	isolated_fragment	79
R_tenuis	Class_I	LTR	Gypsy	non-chromovirus|OTA	Athila	TR-GAG-like	71
R_tenuis	Class_I	LTR	Gypsy	non-chromovirus|OTA	Athila	complete	3
R_tenuis	Class_I	LTR	Gypsy	non-chromovirus|OTA	Athila	degenerate	178
R_tenuis	Class_I	LTR	Gypsy	non-chromovirus|OTA	Athila	isolated_fragment	182
R_tenuis	Class_I	LTR	Gypsy	non-chromovirus|OTA|Tat	Ogre	TR-GAG-like	172
R_tenuis	Class_I	LTR	Gypsy	non-chromovirus|OTA|Tat	Ogre	degenerate	1
R_tenuis	Class_I	LTR	Gypsy	non-chromovirus|OTA|Tat	Ogre	isolated_fragment	297
R_tenuis	Class_I	LTR	Gypsy	non-chromovirus|OTA|Tat	Retand	TR-GAG-like	111
R_tenuis	Class_I	LTR	Gypsy	non-chromovirus|OTA|Tat	Retand	complete	3
R_tenuis	Class_I	LTR	Gypsy	non-chromovirus|OTA|Tat	Retand	degenerate	3
R_tenuis	Class_I	LTR	Gypsy	non-chromovirus|OTA|Tat	Retand	isolated_fragment	52
R_tenuis_subsp_austrobrasiliensis	Class_I	LTR	Copia	NA	Ale	TR-GAG-like	611
R_tenuis_subsp_austrobrasiliensis	Class_I	LTR	Copia	NA	Ale	complete	442
R_tenuis_subsp_austrobrasiliensis	Class_I	LTR	Copia	NA	Ale	degenerate	720
R_tenuis_subsp_austrobrasiliensis	Class_I	LTR	Copia	NA	Ale	isolated_fragment	668
R_tenuis_subsp_austrobrasiliensis	Class_I	LTR	Copia	NA	Alesia	TR-GAG-like	41
R_tenuis_subsp_austrobrasiliensis	Class_I	LTR	Copia	NA	Alesia	complete	74
R_tenuis_subsp_austrobrasiliensis	Class_I	LTR	Copia	NA	Alesia	degenerate	45
R_tenuis_subsp_austrobrasiliensis	Class_I	LTR	Copia	NA	Alesia	isolated_fragment	25
R_tenuis_subsp_austrobrasiliensis	Class_I	LTR	Copia	NA	Angela	TR-GAG-like	40
R_tenuis_subsp_austrobrasiliensis	Class_I	LTR	Copia	NA	Angela	degenerate	100
R_tenuis_subsp_austrobrasiliensis	Class_I	LTR	Copia	NA	Angela	isolated_fragment	268
R_tenuis_subsp_austrobrasiliensis	Class_I	LTR	Copia	NA	Bianca	TR-GAG-like	6
R_tenuis_subsp_austrobrasiliensis	Class_I	LTR	Copia	NA	Bianca	complete	1
R_tenuis_subsp_austrobrasiliensis	Class_I	LTR	Copia	NA	Bianca	degenerate	94
R_tenuis_subsp_austrobrasiliensis	Class_I	LTR	Copia	NA	Bianca	isolated_fragment	95
R_tenuis_subsp_austrobrasiliensis	Class_I	LTR	Copia	NA	Ikeros	TR-GAG-like	103
R_tenuis_subsp_austrobrasiliensis	Class_I	LTR	Copia	NA	Ikeros	complete	244
R_tenuis_subsp_austrobrasiliensis	Class_I	LTR	Copia	NA	Ikeros	degenerate	285
R_tenuis_subsp_austrobrasiliensis	Class_I	LTR	Copia	NA	Ikeros	isolated_fragment	920
R_tenuis_subsp_austrobrasiliensis	Class_I	LTR	Copia	NA	Ivana	TR-GAG-like	268
R_tenuis_subsp_austrobrasiliensis	Class_I	LTR	Copia	NA	Ivana	complete	186
R_tenuis_subsp_austrobrasiliensis	Class_I	LTR	Copia	NA	Ivana	degenerate	126
R_tenuis_subsp_austrobrasiliensis	Class_I	LTR	Copia	NA	Ivana	isolated_fragment	98
R_tenuis_subsp_austrobrasiliensis	Class_I	LTR	Copia	NA	SIRE	TR-GAG-like	2
R_tenuis_subsp_austrobrasiliensis	Class_I	LTR	Copia	NA	SIRE	degenerate	45
R_tenuis_subsp_austrobrasiliensis	Class_I	LTR	Copia	NA	SIRE	isolated_fragment	13
R_tenuis_subsp_austrobrasiliensis	Class_I	LTR	Copia	NA	TAR	TR-GAG-like	1
R_tenuis_subsp_austrobrasiliensis	Class_I	LTR	Copia	NA	TAR	degenerate	21
R_tenuis_subsp_austrobrasiliensis	Class_I	LTR	Copia	NA	TAR	isolated_fragment	10
R_tenuis_subsp_austrobrasiliensis	Class_I	LTR	Copia	NA	Tork	TR-GAG-like	77
R_tenuis_subsp_austrobrasiliensis	Class_I	LTR	Copia	NA	Tork	complete	58
R_tenuis_subsp_austrobrasiliensis	Class_I	LTR	Copia	NA	Tork	degenerate	129
R_tenuis_subsp_austrobrasiliensis	Class_I	LTR	Copia	NA	Tork	isolated_fragment	72
R_tenuis_subsp_austrobrasiliensis	Class_I	LTR	Gypsy	chromovirus	CRM	TR-GAG-like	28
R_tenuis_subsp_austrobrasiliensis	Class_I	LTR	Gypsy	chromovirus	CRM	complete	78
R_tenuis_subsp_austrobrasiliensis	Class_I	LTR	Gypsy	chromovirus	CRM	degenerate	43
R_tenuis_subsp_austrobrasiliensis	Class_I	LTR	Gypsy	chromovirus	CRM	isolated_fragment	19
R_tenuis_subsp_austrobrasiliensis	Class_I	LTR	Gypsy	chromovirus	Reina	TR-GAG-like	282
R_tenuis_subsp_austrobrasiliensis	Class_I	LTR	Gypsy	chromovirus	Reina	complete	9
R_tenuis_subsp_austrobrasiliensis	Class_I	LTR	Gypsy	chromovirus	Reina	degenerate	8
R_tenuis_subsp_austrobrasiliensis	Class_I	LTR	Gypsy	chromovirus	Reina	isolated_fragment	233
R_tenuis_subsp_austrobrasiliensis	Class_I	LTR	Gypsy	chromovirus	Tekay	TR-GAG-like	63
R_tenuis_subsp_austrobrasiliensis	Class_I	LTR	Gypsy	chromovirus	Tekay	complete	23
R_tenuis_subsp_austrobrasiliensis	Class_I	LTR	Gypsy	chromovirus	Tekay	degenerate	527
R_tenuis_subsp_austrobrasiliensis	Class_I	LTR	Gypsy	chromovirus	Tekay	isolated_fragment	381
R_tenuis_subsp_austrobrasiliensis	Class_I	LTR	Gypsy	non-chromovirus|OTA	Athila	TR-GAG-like	237
R_tenuis_subsp_austrobrasiliensis	Class_I	LTR	Gypsy	non-chromovirus|OTA	Athila	complete	118
R_tenuis_subsp_austrobrasiliensis	Class_I	LTR	Gypsy	non-chromovirus|OTA	Athila	degenerate	328
R_tenuis_subsp_austrobrasiliensis	Class_I	LTR	Gypsy	non-chromovirus|OTA	Athila	isolated_fragment	251
R_tenuis_subsp_austrobrasiliensis	Class_I	LTR	Gypsy	non-chromovirus|OTA|Tat	Ogre	TR-GAG-like	561
R_tenuis_subsp_austrobrasiliensis	Class_I	LTR	Gypsy	non-chromovirus|OTA|Tat	Ogre	degenerate	22
R_tenuis_subsp_austrobrasiliensis	Class_I	LTR	Gypsy	non-chromovirus|OTA|Tat	Ogre	isolated_fragment	878
R_tenuis_subsp_austrobrasiliensis	Class_I	LTR	Gypsy	non-chromovirus|OTA|Tat	Retand	TR-GAG-like	397
R_tenuis_subsp_austrobrasiliensis	Class_I	LTR	Gypsy	non-chromovirus|OTA|Tat	Retand	complete	9
R_tenuis_subsp_austrobrasiliensis	Class_I	LTR	Gypsy	non-chromovirus|OTA|Tat	Retand	degenerate	13
R_tenuis_subsp_austrobrasiliensis	Class_I	LTR	Gypsy	non-chromovirus|OTA|Tat	Retand	isolated_fragment	133
