Specie	TE_class	TE_order	TE_lineage	Abundance_absolute	Relative_pct
R_rugosa	Class_I	LTR	Copia	429	54,2351
R_rugosa	Class_I	LTR	Gypsy	190	24,0202
R_rugosa	Class_I	LTR	Other	41	5,1833
R_rugosa	Class_I	LINE	LINE	17	2,1492
R_rugosa	Class_I	Pararetrovirus	Pararetrovirus	0	0,0
R_rugosa	Class_II	Subclass_1	PIF/Harbinger	2	0,2528
R_rugosa	Class_II	Subclass_1	EnSpm/CACTA	0	0,0
R_rugosa	Class_II	Subclass_1	hAT	96	12,1365
R_rugosa	Class_II	Subclass_1	MuDR/Mutator	15	1,8963
R_rugosa	Class_II	Subclass_1	Merlin	0	0,0
R_rugosa	Class_II	Subclass_2	Helitron	1	0,1264
R_alba	Class_I	LTR	Copia	504	73,1495
R_alba	Class_I	LTR	Gypsy	36	5,225
R_alba	Class_I	LTR	Other	26	3,7736
R_alba	Class_I	LINE	LINE	7	1,016
R_alba	Class_I	Pararetrovirus	Pararetrovirus	2	0,2903
R_alba	Class_II	Subclass_1	PIF/Harbinger	0	0,0
R_alba	Class_II	Subclass_1	EnSpm/CACTA	0	0,0
R_alba	Class_II	Subclass_1	hAT	88	12,7721
R_alba	Class_II	Subclass_1	MuDR/Mutator	25	3,6284
R_alba	Class_II	Subclass_1	Merlin	0	0,0
R_alba	Class_II	Subclass_2	Helitron	1	0,1451
R_cephalotes	Class_I	LTR	Copia	973	54,0856
R_cephalotes	Class_I	LTR	Gypsy	308	17,1206
R_cephalotes	Class_I	LTR	Other	304	16,8983
R_cephalotes	Class_I	LINE	LINE	23	1,2785
R_cephalotes	Class_I	Pararetrovirus	Pararetrovirus	6	0,3335
R_cephalotes	Class_II	Subclass_1	PIF/Harbinger	2	0,1112
R_cephalotes	Class_II	Subclass_1	EnSpm/CACTA	0	0,0
R_cephalotes	Class_II	Subclass_1	hAT	78	4,3357
R_cephalotes	Class_II	Subclass_1	MuDR/Mutator	95	5,2807
R_cephalotes	Class_II	Subclass_1	Merlin	0	0,0
R_cephalotes	Class_II	Subclass_2	Helitron	10	0,5559
R_ridleyi	Class_I	LTR	Copia	1642	56,9151
R_ridleyi	Class_I	LTR	Gypsy	480	16,6378
R_ridleyi	Class_I	LTR	Other	237	8,2149
R_ridleyi	Class_I	LINE	LINE	152	5,2686
R_ridleyi	Class_I	Pararetrovirus	Pararetrovirus	5	0,1733
R_ridleyi	Class_II	Subclass_1	PIF/Harbinger	2	0,0693
R_ridleyi	Class_II	Subclass_1	EnSpm/CACTA	9	0,312
R_ridleyi	Class_II	Subclass_1	hAT	316	10,9532
R_ridleyi	Class_II	Subclass_1	MuDR/Mutator	22	0,7626
R_ridleyi	Class_II	Subclass_1	Merlin	0	0,0
R_ridleyi	Class_II	Subclass_2	Helitron	20	0,6932
R_gaudichaudii	Class_I	LTR	Copia	1833	61,5307
R_gaudichaudii	Class_I	LTR	Gypsy	382	12,8231
R_gaudichaudii	Class_I	LTR	Other	159	5,3374
R_gaudichaudii	Class_I	LINE	LINE	308	10,339
R_gaudichaudii	Class_I	Pararetrovirus	Pararetrovirus	6	0,2014
R_gaudichaudii	Class_II	Subclass_1	PIF/Harbinger	5	0,1678
R_gaudichaudii	Class_II	Subclass_1	EnSpm/CACTA	12	0,4028
R_gaudichaudii	Class_II	Subclass_1	hAT	36	1,2085
R_gaudichaudii	Class_II	Subclass_1	MuDR/Mutator	154	5,1695
R_gaudichaudii	Class_II	Subclass_1	Merlin	0	0,0
R_gaudichaudii	Class_II	Subclass_2	Helitron	84	2,8197
R_radicans	Class_I	LTR	Copia	2464	73,0507
R_radicans	Class_I	LTR	Gypsy	386	11,4438
R_radicans	Class_I	LTR	Other	13	0,3854
R_radicans	Class_I	LINE	LINE	77	2,2828
R_radicans	Class_I	Pararetrovirus	Pararetrovirus	6	0,1779
R_radicans	Class_II	Subclass_1	PIF/Harbinger	3	0,0889
R_radicans	Class_II	Subclass_1	EnSpm/CACTA	9	0,2668
R_radicans	Class_II	Subclass_1	hAT	192	5,6923
R_radicans	Class_II	Subclass_1	MuDR/Mutator	61	1,8085
R_radicans	Class_II	Subclass_1	Merlin	0	0,0
R_radicans	Class_II	Subclass_2	Helitron	162	4,8028
R_radicans_var_watsonii	Class_I	LTR	Copia	3646	76,404
R_radicans_var_watsonii	Class_I	LTR	Gypsy	558	11,6932
R_radicans_var_watsonii	Class_I	LTR	Other	14	0,2934
R_radicans_var_watsonii	Class_I	LINE	LINE	87	1,8231
R_radicans_var_watsonii	Class_I	Pararetrovirus	Pararetrovirus	1	0,021
R_radicans_var_watsonii	Class_II	Subclass_1	PIF/Harbinger	0	0,0
R_radicans_var_watsonii	Class_II	Subclass_1	EnSpm/CACTA	19	0,3982
R_radicans_var_watsonii	Class_II	Subclass_1	hAT	160	3,3529
R_radicans_var_watsonii	Class_II	Subclass_1	MuDR/Mutator	70	1,4669
R_radicans_var_watsonii	Class_II	Subclass_1	Merlin	0	0,0
R_radicans_var_watsonii	Class_II	Subclass_2	Helitron	217	4,5474
R_pubera	Class_I	LTR	Copia	11285	60,3282
R_pubera	Class_I	LTR	Gypsy	3045	16,2782
R_pubera	Class_I	LTR	Other	2516	13,4502
R_pubera	Class_I	LINE	LINE	244	1,3044
R_pubera	Class_I	Pararetrovirus	Pararetrovirus	2	0,0107
R_pubera	Class_II	Subclass_1	PIF/Harbinger	8	0,0428
R_pubera	Class_II	Subclass_1	EnSpm/CACTA	114	0,6094
R_pubera	Class_II	Subclass_1	hAT	1347	7,2009
R_pubera	Class_II	Subclass_1	MuDR/Mutator	122	0,6522
R_pubera	Class_II	Subclass_1	Merlin	18	0,0962
R_pubera	Class_II	Subclass_2	Helitron	5	0,0267
R_breviuscula	Class_I	LTR	Copia	2889	65,8987
R_breviuscula	Class_I	LTR	Gypsy	696	15,8759
R_breviuscula	Class_I	LTR	Other	177	4,0374
R_breviuscula	Class_I	LINE	LINE	67	1,5283
R_breviuscula	Class_I	Pararetrovirus	Pararetrovirus	26	0,5931
R_breviuscula	Class_II	Subclass_1	PIF/Harbinger	2	0,0456
R_breviuscula	Class_II	Subclass_1	EnSpm/CACTA	13	0,2965
R_breviuscula	Class_II	Subclass_1	hAT	225	5,1323
R_breviuscula	Class_II	Subclass_1	MuDR/Mutator	268	6,1131
R_breviuscula	Class_II	Subclass_1	Merlin	0	0,0
R_breviuscula	Class_II	Subclass_2	Helitron	21	0,479
R_colorata	Class_I	LTR	Copia	4037	81,9862
R_colorata	Class_I	LTR	Gypsy	570	11,576
R_colorata	Class_I	LTR	Other	55	1,117
R_colorata	Class_I	LINE	LINE	48	0,9748
R_colorata	Class_I	Pararetrovirus	Pararetrovirus	5	0,1015
R_colorata	Class_II	Subclass_1	PIF/Harbinger	1	0,0203
R_colorata	Class_II	Subclass_1	EnSpm/CACTA	8	0,1625
R_colorata	Class_II	Subclass_1	hAT	155	3,1478
R_colorata	Class_II	Subclass_1	MuDR/Mutator	41	0,8327
R_colorata	Class_II	Subclass_1	Merlin	0	0,0
R_colorata	Class_II	Subclass_2	Helitron	4	0,0812
R_nervosa	Class_I	LTR	Copia	2604	61,7794
R_nervosa	Class_I	LTR	Gypsy	1098	26,0498
R_nervosa	Class_I	LTR	Other	2	0,0474
R_nervosa	Class_I	LINE	LINE	280	6,6429
R_nervosa	Class_I	Pararetrovirus	Pararetrovirus	3	0,0712
R_nervosa	Class_II	Subclass_1	PIF/Harbinger	3	0,0712
R_nervosa	Class_II	Subclass_1	EnSpm/CACTA	2	0,0474
R_nervosa	Class_II	Subclass_1	hAT	104	2,4674
R_nervosa	Class_II	Subclass_1	MuDR/Mutator	101	2,3962
R_nervosa	Class_II	Subclass_1	Merlin	0	0,0
R_nervosa	Class_II	Subclass_2	Helitron	18	0,427
R_nervosa_sub_ciliata	Class_I	LTR	Copia	2801	78,1093
R_nervosa_sub_ciliata	Class_I	LTR	Gypsy	624	17,401
R_nervosa_sub_ciliata	Class_I	LTR	Other	0	0,0
R_nervosa_sub_ciliata	Class_I	LINE	LINE	34	0,9481
R_nervosa_sub_ciliata	Class_I	Pararetrovirus	Pararetrovirus	39	1,0876
R_nervosa_sub_ciliata	Class_II	Subclass_1	PIF/Harbinger	0	0,0
R_nervosa_sub_ciliata	Class_II	Subclass_1	EnSpm/CACTA	4	0,1115
R_nervosa_sub_ciliata	Class_II	Subclass_1	hAT	35	0,976
R_nervosa_sub_ciliata	Class_II	Subclass_1	MuDR/Mutator	28	0,7808
R_nervosa_sub_ciliata	Class_II	Subclass_1	Merlin	0	0,0
R_nervosa_sub_ciliata	Class_II	Subclass_2	Helitron	21	0,5856
R_tenerrima	Class_I	LTR	Copia	1475	54,569
R_tenerrima	Class_I	LTR	Gypsy	451	16,6852
R_tenerrima	Class_I	LTR	Other	155	5,7344
R_tenerrima	Class_I	LINE	LINE	186	6,8812
R_tenerrima	Class_I	Pararetrovirus	Pararetrovirus	1	0,037
R_tenerrima	Class_II	Subclass_1	PIF/Harbinger	9	0,333
R_tenerrima	Class_II	Subclass_1	EnSpm/CACTA	19	0,7029
R_tenerrima	Class_II	Subclass_1	hAT	86	3,1817
R_tenerrima	Class_II	Subclass_1	MuDR/Mutator	129	4,7725
R_tenerrima	Class_II	Subclass_1	Merlin	0	0,0
R_tenerrima	Class_II	Subclass_2	Helitron	192	7,1032
R_filiformis	Class_I	LTR	Copia	684	51,8968
R_filiformis	Class_I	LTR	Gypsy	266	20,1821
R_filiformis	Class_I	LTR	Other	194	14,7193
R_filiformis	Class_I	LINE	LINE	73	5,5387
R_filiformis	Class_I	Pararetrovirus	Pararetrovirus	24	1,8209
R_filiformis	Class_II	Subclass_1	PIF/Harbinger	6	0,4552
R_filiformis	Class_II	Subclass_1	EnSpm/CACTA	9	0,6829
R_filiformis	Class_II	Subclass_1	hAT	32	2,4279
R_filiformis	Class_II	Subclass_1	MuDR/Mutator	19	1,4416
R_filiformis	Class_II	Subclass_1	Merlin	0	0,0
R_filiformis	Class_II	Subclass_2	Helitron	11	0,8346
R_tenuis	Class_I	LTR	Copia	2961	65,9612
R_tenuis	Class_I	LTR	Gypsy	652	14,5244
R_tenuis	Class_I	LTR	Other	645	14,3685
R_tenuis	Class_I	LINE	LINE	88	1,9603
R_tenuis	Class_I	Pararetrovirus	Pararetrovirus	7	0,1559
R_tenuis	Class_II	Subclass_1	PIF/Harbinger	2	0,0446
R_tenuis	Class_II	Subclass_1	EnSpm/CACTA	11	0,245
R_tenuis	Class_II	Subclass_1	hAT	79	1,7599
R_tenuis	Class_II	Subclass_1	MuDR/Mutator	33	0,7351
R_tenuis	Class_II	Subclass_1	Merlin	0	0,0
R_tenuis	Class_II	Subclass_2	Helitron	11	0,245
R_tenuis_sub_austrobrasiliensis	Class_I	LTR	Copia	5392	64,6368
R_tenuis_sub_austrobrasiliensis	Class_I	LTR	Gypsy	1936	23,2079
R_tenuis_sub_austrobrasiliensis	Class_I	LTR	Other	635	7,6121
R_tenuis_sub_austrobrasiliensis	Class_I	LINE	LINE	59	0,7073
R_tenuis_sub_austrobrasiliensis	Class_I	Pararetrovirus	Pararetrovirus	1	0,012
R_tenuis_sub_austrobrasiliensis	Class_II	Subclass_1	PIF/Harbinger	1	0,012
R_tenuis_sub_austrobrasiliensis	Class_II	Subclass_1	EnSpm/CACTA	3	0,036
R_tenuis_sub_austrobrasiliensis	Class_II	Subclass_1	hAT	208	2,4934
R_tenuis_sub_austrobrasiliensis	Class_II	Subclass_1	MuDR/Mutator	101	1,2107
R_tenuis_sub_austrobrasiliensis	Class_II	Subclass_1	Merlin	0	0,0
R_tenuis_sub_austrobrasiliensis	Class_II	Subclass_2	Helitron	6	0,0719
R_riparia	Class_I	LTR	Copia	1253	60,2404
R_riparia	Class_I	LTR	Gypsy	401	19,2788
R_riparia	Class_I	LTR	Other	171	8,2212
R_riparia	Class_I	LINE	LINE	128	6,1538
R_riparia	Class_I	Pararetrovirus	Pararetrovirus	1	0,0481
R_riparia	Class_II	Subclass_1	PIF/Harbinger	2	0,0962
R_riparia	Class_II	Subclass_1	EnSpm/CACTA	4	0,1923
R_riparia	Class_II	Subclass_1	hAT	42	2,0192
R_riparia	Class_II	Subclass_1	MuDR/Mutator	43	2,0673
R_riparia	Class_II	Subclass_1	Merlin	0	0,0
R_riparia	Class_II	Subclass_2	Helitron	35	1,6827
R_barbata	Class_I	LTR	Copia	5000	44,0025
R_barbata	Class_I	LTR	Gypsy	5585	49,1508
R_barbata	Class_I	LTR	Other	334	2,9394
R_barbata	Class_I	LINE	LINE	84	0,7392
R_barbata	Class_I	Pararetrovirus	Pararetrovirus	0	0,0
R_barbata	Class_II	Subclass_1	PIF/Harbinger	1	0,0088
R_barbata	Class_II	Subclass_1	EnSpm/CACTA	76	0,6688
R_barbata	Class_II	Subclass_1	hAT	200	1,7601
R_barbata	Class_II	Subclass_1	MuDR/Mutator	77	0,6776
R_barbata	Class_II	Subclass_1	Merlin	0	0,0
R_barbata	Class_II	Subclass_2	Helitron	6	0,0528
R_holoschoenoides	Class_I	LTR	Copia	863	50,9145
R_holoschoenoides	Class_I	LTR	Gypsy	128	7,5516
R_holoschoenoides	Class_I	LTR	Other	41	2,4189
R_holoschoenoides	Class_I	LINE	LINE	253	14,9263
R_holoschoenoides	Class_I	Pararetrovirus	Pararetrovirus	4	0,236
R_holoschoenoides	Class_II	Subclass_1	PIF/Harbinger	20	1,1799
R_holoschoenoides	Class_II	Subclass_1	EnSpm/CACTA	3	0,177
R_holoschoenoides	Class_II	Subclass_1	hAT	290	17,1091
R_holoschoenoides	Class_II	Subclass_1	MuDR/Mutator	56	3,3038
R_holoschoenoides	Class_II	Subclass_1	Merlin	0	0,0
R_holoschoenoides	Class_II	Subclass_2	Helitron	37	2,1829
R_corymbosa	Class_I	LTR	Copia	1142	63,515
R_corymbosa	Class_I	LTR	Gypsy	365	20,3003
R_corymbosa	Class_I	LTR	Other	39	2,1691
R_corymbosa	Class_I	LINE	LINE	20	1,1123
R_corymbosa	Class_I	Pararetrovirus	Pararetrovirus	6	0,3337
R_corymbosa	Class_II	Subclass_1	PIF/Harbinger	1	0,0556
R_corymbosa	Class_II	Subclass_1	EnSpm/CACTA	3	0,1669
R_corymbosa	Class_II	Subclass_1	hAT	124	6,8966
R_corymbosa	Class_II	Subclass_1	MuDR/Mutator	93	5,1724
R_corymbosa	Class_II	Subclass_1	Merlin	0	0,0
R_corymbosa	Class_II	Subclass_2	Helitron	5	0,2781
Total	Class_I	LTR	Copia	53877	62,0053
Total	Class_I	LTR	Gypsy	18157	20,8963
Total	Class_I	LTR	Other	5758	6,6267
Total	Class_I	LINE	LINE	2235	2,5722
Total	Class_I	Pararetrovirus	Pararetrovirus	145	0,1669
Total	Class_II	Subclass_1	PIF/Harbinger	2570	2,9577
Total	Class_II	Subclass_1	EnSpm/CACTA	947	1,0899
Total	Class_II	Subclass_1	hAT	1578	1,8161
Total	Class_II	Subclass_1	MuDR/Mutator	739	0,8505
Total	Class_II	Subclass_1	Merlin	18	0,0207
Total	Class_II	Subclass_2	Helitron	867	0,9978
